ord_id,prod_id,quantity,line_total
5920416,57,1,2338.64
4825298,42,1,5275.0
7009183,41,1,4503.2
5186311,15,1,8073.44
4274782,36,1,3572.2
2579402,35,1,4158.96
5974882,43,1,3430.93
6080581,10,1,5099.0
6507619,40,1,4199.0
6921547,49,1,5006.53
6707258,25,1,5095.44
5068100,15,1,8042.64
2523554,58,1,3976.43
2553970,2,1,3640.0
5892769,59,1,4924.75
3904450,25,1,4976.66
4160529,58,1,3905.39
5140837,69,1,3999.0
2715724,3,1,5856.44
2436329,60,1,3999.0
6808759,53,1,8000.69
4066723,23,1,4399.0
7151327,54,1,6024.08
1912588,69,1,3999.0
6033460,16,1,5498.69
1449568,31,1,4449.9
6144261,38,1,4399.0
5155394,3,1,5856.44
4595626,6,1,2066.99
1895617,14,1,8320.0
4429906,61,1,4199.0
3417447,56,1,4685.19
4801426,59,1,4924.75
4533036,63,1,1951.75
5440045,46,1,5698.55
6670054,10,1,5392.19
3661656,47,1,4244.05
3846551,38,1,4640.95
4679322,59,1,4924.75
6416425,16,1,5271.99
4234556,57,1,2330.94
5835237,58,1,3948.38
3333624,1,1,6252.94
4305349,8,1,6794.27
4469762,38,1,4706.93
2030531,39,1,5490.14
3252622,17,1,5295.9
6663983,18,1,4452.0
4499806,12,1,5816.25
6072149,12,1,5736.5
6429113,66,1,3602.94
2016400,23,1,4574.96
6831652,28,1,4274.99
3608797,6,1,2086.49
4044365,11,1,4982.0
2900047,18,1,4200.0
1790994,32,1,4768.94
2588796,7,1,4600.99
2781248,16,1,5271.99
3485081,13,1,6058.1
4911975,69,1,4222.94
3829941,16,1,5561.95
3242565,62,1,6615.45
2358239,43,1,3199.0
7112703,21,1,6146.94
1121775,14,1,8580.0
4185159,66,1,3399.0
5438767,8,1,6787.79
1526982,44,1,6810.68
1200543,16,1,5588.31
3357050,64,1,3807.0
6761576,68,1,4273.93
6771690,65,1,4609.0
3695305,59,1,4924.75
4678509,48,1,5677.05
1911288,40,1,4450.94
4026926,42,1,5300.0
5697518,19,1,4505.0
1930308,68,1,4158.96
1396544,40,1,4366.96
4218977,64,1,3798.0
5186226,48,1,5752.31
2208177,65,1,4664.0
5788991,49,1,4880.2
5105818,5,1,3672.44
4101226,33,1,5049.19
7026832,64,1,3744.0
5547985,7,1,4491.34
4157138,10,1,5302.96
1683121,56,1,4685.19
3031547,66,1,3534.96
1546460,37,1,3142.9
5907405,2,1,3740.63
5037369,32,1,4678.96
5731787,14,1,8000.0
3753313,63,1,1967.48
6974353,33,1,4854.99
3163903,59,1,4901.52
4468374,14,1,8448.0
6960628,56,1,4797.81
4054195,39,1,5510.94
3937927,27,1,4523.95
4253506,10,1,5379.45
3307281,27,1,4416.14
7158744,7,1,4540.79
6585838,39,1,5406.96
5613754,31,1,4627.9
5673381,59,1,4924.75
2286687,38,1,4574.96
4144055,4,1,3972.78
1504635,52,1,2752.48
2015487,22,1,7813.34
3220422,4,1,4018.48
5767028,35,1,4278.93
6711968,28,1,3999.99
3220438,6,1,2027.99
5119112,36,1,3614.33
3224260,45,1,4934.8
5424989,35,1,4158.96
4495063,47,1,4197.84
7194654,51,1,3673.99
5065896,31,1,4627.9
3624763,16,1,5654.21
3898397,33,1,5146.29
7187392,52,1,2797.34
3364980,57,1,2330.94
3178673,69,1,4192.95
4521021,43,1,3430.93
3749511,13,1,6148.0
1539389,5,1,3689.85
6305708,9,1,2923.56
6293114,19,1,4519.88
4984659,10,1,5468.68
7197660,63,1,1932.33
6691527,42,1,5300.0
5305378,44,1,6395.0
2555565,57,1,2338.64
4509368,60,1,4278.93
2356703,30,1,4543.58
5242761,30,1,4524.0
4080696,57,1,2199.0
3570845,13,1,6220.5
4389481,57,1,2350.18
2717299,39,1,5490.14
6953949,62,1,6693.46
2748922,20,1,3999.0
1409838,68,1,4176.96
4882154,20,1,4222.94
1499647,24,1,7399.0
5775992,17,1,5659.99
3456435,57,1,2350.18
5484681,13,1,6058.1
6727420,35,1,4238.94
4711571,46,1,5591.03
3555795,62,1,6646.65
5687001,46,1,5375.99
1985674,44,1,6650.8
5994079,63,1,1979.5
5087861,28,1,4253.99
6077808,60,1,4218.95
6241665,66,1,3602.94
5677372,53,1,7981.77
3695577,44,1,6834.66
6047294,15,1,8200.49
3236261,23,1,4701.43
5868564,66,1,3399.0
6500666,47,1,4260.13
5255967,13,1,5800.0
4924882,67,1,3950.96
1791485,59,1,4831.83
6894826,35,1,4273.93
3986347,37,1,3129.36
3560653,35,1,4158.96
3326659,62,1,6615.45
3779453,24,1,7757.85
7311476,9,1,3001.93
2177932,2,1,3745.0
5086249,41,1,4546.19
4205221,2,1,3710.0
1455991,60,1,4238.94
3193964,50,1,5609.99
6464145,24,1,7842.94
5321869,55,1,3337.44
5236088,69,1,4158.96
3681241,30,1,4611.0
4471131,35,1,4170.96
1929235,44,1,6842.65
1694460,54,1,5995.79
6562501,60,1,4238.94
3303963,22,1,7694.96
6755650,31,1,4761.39
5649473,11,1,4700.0
2629583,3,1,5499.0
1458147,57,1,2341.94
5168047,7,1,4557.99
5651788,65,1,4400.0
2694750,41,1,4507.5
5861427,35,1,4218.95
6556364,7,1,4557.99
2293928,48,1,5717.37
3272347,12,1,5830.0
5851299,66,1,3619.94
2845076,43,1,3390.94
5548388,50,1,5946.59
4409334,9,1,4278.93
5374410,68,1,3418.93
3293788,43,1,3199.0
3298471,37,1,3219.63
6920344,26,1,3186.56
2933338,69,1,4238.94
2679922,27,1,4409.79
3872219,69,1,4228.94
2344343,38,1,4701.43
5417203,54,1,5967.51
6801456,13,1,5800.0
6976313,67,1,4040.24
3353836,47,1,4260.13
6960040,50,1,5946.59
2140430,55,1,3401.62
4470702,28,1,4177.99
4549779,52,1,2639.0
1724480,30,1,4350.0
5385043,26,1,3195.75
7372789,47,1,4274.2
2542761,5,1,3707.25
2796751,47,1,4300.32
1558876,65,1,4400.0
1951466,54,1,5967.51
4706940,13,1,6177.0
6706254,22,1,7879.94
4814298,34,1,5899.0
2618832,39,1,5510.94
5393236,10,1,5404.94
4827815,8,1,6868.79
7083064,1,1,6134.96
1955676,15,1,8007.99
7304261,1,1,6229.34
1620794,17,1,5295.9
4344423,54,1,6066.5
4366976,17,1,5613.65
2069011,51,1,3673.99
5968744,27,1,4433.05
6727185,29,1,4026.94
3984108,45,1,4934.8
3775746,64,1,3861.0
3444796,30,1,4626.23
7276203,41,1,4507.5
2107831,52,1,2639.0
4460714,16,1,5634.44
4206987,35,1,4238.94
1332784,59,1,4982.82
4205785,29,1,4064.93
7293392,37,1,3189.54
2678429,52,1,2752.48
3758613,50,1,5946.59
5780157,32,1,4678.96
7186133,52,1,2744.56
4083483,39,1,5199.0
5040689,11,1,4963.2
6419973,56,1,4685.19
3983170,47,1,4310.37
3320884,46,1,5591.03
6201595,57,1,2319.95
3951017,19,1,4432.75
4195011,21,1,6080.25
5046694,55,1,3337.44
2340380,21,1,6057.06
1450563,52,1,2639.0
2357460,6,1,1949.99
4433548,56,1,4797.81
3316575,63,1,1961.0
1229905,15,1,8065.74
6873054,14,1,8480.0
6563406,31,1,4449.9
6106329,19,1,4505.0
3513797,49,1,4936.35
7231583,68,1,4238.94
4464272,35,1,4258.94
4606107,30,1,4589.25
2986403,32,1,4768.94
4690371,34,1,5899.0
2804411,22,1,7842.94
2099915,66,1,3545.16
4332112,60,1,4222.94
1588017,39,1,5484.95
3670818,63,1,1961.0
3094136,39,1,5575.93
6803424,52,1,2639.0
2640087,1,1,6238.19
4860434,17,1,5600.41
5207861,66,1,3534.96
2581918,62,1,6590.49
6323365,61,1,4450.94
2017288,45,1,4745.0
5635476,51,1,3837.48
5116839,58,1,3944.65
5732609,45,1,5046.31
2993361,6,1,2084.05
6860822,47,1,4260.13
4988395,1,1,6326.68
1241453,52,1,2744.56
1214458,4,1,3989.92
1961324,29,1,4007.95
2990263,17,1,5666.61
3217085,51,1,3852.18
3452320,58,1,3739.0
3706310,22,1,7694.96
2640611,41,1,4470.96
2508319,30,1,4593.6
4302319,6,1,2073.81
6327203,57,1,2305.65
2435589,43,1,3406.94
1483401,61,1,4440.44
4993488,64,1,3828.6
4242714,42,1,5343.75
1219885,54,1,5908.12
6995480,52,1,2823.73
4995431,46,1,5615.22
1792270,47,1,4274.2
7116337,39,1,5199.0
4782718,12,1,5720.0
5622284,65,1,4576.0
5403544,24,1,7824.44
3807617,69,1,4258.94
7357453,33,1,5163.28
1137418,15,1,8123.49
4688382,36,1,3589.05
2627387,27,1,4471.1
3085105,8,1,6901.19
2110096,17,1,5613.65
6720608,68,1,4273.93
3699593,61,1,4366.96
1999344,4,1,4085.14
4488444,53,1,7932.59
4877732,49,1,5018.23
3534753,42,1,5000.0
2167687,63,1,1961.0
7181850,39,1,5484.95
1447470,51,1,3931.17
7194135,2,1,3692.5
5467093,31,1,4627.9
3607532,44,1,6395.0
1208823,7,1,4540.79
6984363,6,1,1949.99
2974760,10,1,5379.45
1378848,49,1,4983.14
2900365,53,1,7565.66
1527511,19,1,4250.0
1515362,18,1,4200.0
7047531,63,1,1984.13
6275886,39,1,5451.15
7322972,58,1,3976.43
3670757,31,1,4449.9
5777065,50,1,5882.07
5286397,24,1,7399.0
3717120,10,1,5455.93
2614702,42,1,5200.0
3114937,67,1,4007.95
5444450,9,1,2976.74
5249948,10,1,5455.93
3374321,60,1,3999.0
3143426,13,1,6032.0
2201303,47,1,4260.13
2501172,44,1,6842.65
1951944,42,1,5317.5
3087147,31,1,4694.64
2560752,34,1,6179.2
2867041,58,1,3888.56
7138865,23,1,4399.0
2419990,26,1,3064.0
2160272,18,1,4504.5
7366371,24,1,7935.43
3942790,68,1,4288.93
5669236,15,1,8131.19
3400275,11,1,4982.0
4908463,31,1,4716.89
6405254,64,1,3852.0
5067394,31,1,4449.9
4646893,41,1,4578.44
2527834,25,1,5024.17
4514309,32,1,4784.69
1600017,59,1,4971.21
2760984,41,1,4594.56
4273498,57,1,2352.93
6535212,46,1,5671.67
5642393,5,1,3707.25
1170910,27,1,4518.66
1908873,8,1,6901.19
2019488,34,1,5899.0
5164194,55,1,3433.72
6439301,23,1,4662.94
5684377,68,1,4228.94
6612087,62,1,6599.85
1127847,2,1,3753.75
6254064,20,1,4238.94
3524099,63,1,1932.33
3671625,11,1,4700.0
2587112,58,1,3739.0
2195257,64,1,3774.6
5083172,29,1,3799.0
2443041,34,1,6185.1
2379845,35,1,4238.94
1355067,6,1,2066.99
3111726,24,1,7813.34
3850921,39,1,5422.56
4854266,69,1,4238.94
1287086,53,1,8019.6
1317030,8,1,6901.19
2791283,7,1,4557.99
5802219,1,1,6185.1
6142787,40,1,4199.0
5160458,19,1,4250.0
3891025,38,1,4662.94
6101377,11,1,5023.13
4003357,14,1,8000.0
5541384,30,1,4654.5
4683433,57,1,2319.95
1306701,24,1,7399.0
4921354,5,1,3689.85
1418249,2,1,3727.5
4138369,61,1,4385.86
2666783,39,1,5406.96
3877491,29,1,4060.18
6529601,29,1,4064.93
1391031,7,1,4611.74
6298171,44,1,6395.0
6777923,53,1,7932.59
3525004,39,1,5497.94
7227128,29,1,4017.44
4751917,42,1,5242.5
5284478,34,1,6311.93
4077683,19,1,4505.0
1517524,37,1,3189.54
5036956,38,1,4662.94
6127946,36,1,3601.69
4398774,7,1,4595.61
6411985,69,1,4218.95
4905979,43,1,3378.14
1932274,35,1,3999.0
3896243,18,1,4386.9
2612228,21,1,6146.94
4650540,14,1,8480.0
1430404,23,1,4640.95
7180420,16,1,5588.31
5994372,4,1,4018.48
4332918,66,1,3545.16
7107645,43,1,3378.14
1895438,38,1,4574.96
1977607,15,1,8123.49
3956821,26,1,3232.52
5807130,11,1,5029.0
2764320,57,1,2286.96
1719757,52,1,2823.73
5075879,18,1,4494.0
6965544,66,1,3645.43
5909252,43,1,3390.94
5823800,69,1,4238.94
2717370,50,1,5834.39
6923896,32,1,4808.31
3263076,63,1,1961.0
5047031,34,1,6229.34
6651903,28,1,4159.99
7285715,64,1,3861.0
2615397,52,1,2639.0
3833965,9,1,2980.94
5758532,24,1,7813.34
5174013,54,1,5930.75
3373348,49,1,4679.0
3303969,61,1,4366.96
5838540,55,1,3337.44
5001562,39,1,5575.93
3860793,40,1,4199.0
6462098,21,1,6132.44
5054748,5,1,3720.31
5301170,34,1,6223.45
2685159,59,1,4924.75
4599427,22,1,7842.94
3190336,55,1,3337.44
7189300,21,1,6048.36
1306218,59,1,4982.82
4874959,55,1,3417.67
4772820,59,1,4913.13
6181221,7,1,4557.99
1633362,41,1,4470.96
3048140,37,1,3189.54
4560641,53,1,8000.69
2171184,48,1,5677.05
6948436,3,1,5499.0
3827045,32,1,4717.2
3852824,8,1,6787.79
6305902,34,1,5899.0
4783093,38,1,4399.0
6595312,49,1,4866.16
6998022,11,1,4700.0
3783660,31,1,4716.89
2230820,69,1,4288.93
2051970,48,1,5631.35
3032913,29,1,4060.18
2972077,51,1,3876.06
5418332,57,1,2322.14
3501159,33,1,5049.19
5993683,9,1,2799.0
6502106,61,1,4450.94
7149141,37,1,3129.36
2965867,35,1,4158.96
6944794,50,1,5932.56
2360831,7,1,4504.24
2483119,19,1,4526.25
5019378,57,1,2319.95
2547748,20,1,4170.96
4139607,47,1,4179.75
1502443,56,1,4718.98
1794627,32,1,4678.96
4706870,21,1,6167.24
4601068,55,1,3429.7
1434425,54,1,5656.41
2300238,11,1,4982.0
6452776,39,1,5406.96
2653183,30,1,4665.38
4437977,50,1,5834.39
3948580,67,1,4007.95
4804348,66,1,3534.96
4733459,37,1,3189.54
2834231,48,1,5717.37
3662470,37,1,3129.36
3417805,55,1,3401.62
7278491,59,1,4947.98
2088606,63,1,1970.25
7249938,23,1,4574.96
2411963,26,1,3064.0
3759584,39,1,5510.94
2985847,18,1,4452.0
6680852,22,1,7694.96
7218998,41,1,4535.45
5067513,21,1,6146.94
7046967,14,1,8388.0
6107890,16,1,5614.67
4536285,47,1,4300.32
4461691,57,1,2293.56
3786709,64,1,3852.0
5803492,21,1,6167.24
5279007,1,1,6282.44
4352288,6,1,2084.05
3485404,33,1,4854.99
4862907,2,1,3666.25
2657733,34,1,6282.44
6261926,57,1,2293.56
5866376,59,1,4982.82
3257154,32,1,4813.93
6842420,12,1,5720.0
2324966,47,1,4260.13
1673044,19,1,4451.88
4939400,44,1,6801.08
4826066,65,1,4719.0
2474373,47,1,4280.22
1723641,38,1,4662.94
3074405,60,1,4238.94
2309937,27,1,4227.99
1603961,15,1,8161.99
4028110,17,1,5679.85
6819487,46,1,5636.73
2845988,22,1,7805.95
3242663,3,1,5897.68
4808218,20,1,4218.95
4477362,25,1,5017.05
4207539,48,1,5671.67
2528663,40,1,4450.94
7369485,29,1,4074.43
3600012,51,1,3820.95
7051823,51,1,3820.95
2308440,53,1,7868.29
1902014,25,1,4941.03
4619675,37,1,3219.63
1991765,34,1,6252.94
2536755,9,1,2966.94
7370311,43,1,3390.94
6181270,50,1,5882.07
7109598,13,1,6124.8
5042723,53,1,8085.8
6008236,13,1,6177.0
1247344,25,1,4941.03
2846767,57,1,2338.64
6080536,60,1,4170.96
5497244,51,1,3894.43
1377832,29,1,4026.94
2906644,7,1,4557.99
6779542,25,1,4962.41
4110943,31,1,4699.09
5496005,56,1,4723.48
6582906,4,1,4070.86
3737347,48,1,5698.55
5128375,39,1,5422.56
6715769,64,1,3774.6
7072545,59,1,4924.75
4581022,61,1,4492.93
3728778,15,1,8161.99
1343556,6,1,2027.99
4441967,31,1,4647.92
2129769,32,1,4692.46
2341412,25,1,4962.41
7322569,45,1,4934.8
7065905,40,1,4450.94
7311961,39,1,5199.0
1694517,40,1,4487.68
2398667,62,1,6646.65
5199095,32,1,4768.94
7332327,37,1,3189.54
3365087,67,1,3950.96
5872629,46,1,5375.99
3266665,5,1,3672.44
2831374,24,1,7717.16
1146371,51,1,3894.43
6120639,24,1,7728.26
7145124,60,1,4278.93
7332566,10,1,5455.93
3750614,29,1,3799.0
4476887,13,1,6124.8
3674532,12,1,5857.5
2270326,5,1,3646.34
6990345,31,1,4716.89
1544577,49,1,4959.74
1869910,18,1,4452.0
3503462,4,1,4075.62
5004518,59,1,4924.75
2452987,22,1,7694.96
2325001,39,1,5536.94
5676049,41,1,4299.0
2925649,31,1,4732.47
7099776,24,1,7916.93
1205837,59,1,4982.82
5117750,26,1,3232.52
6735437,48,1,5671.67
3907399,11,1,4982.0
3444992,15,1,7699.99
1206359,23,1,4706.93
5454867,32,1,4768.94
2774446,44,1,6842.65
7265969,13,1,6148.0
4463150,57,1,2341.94
3577440,63,1,1961.0
2533036,31,1,4627.9
3953637,52,1,2744.56
6946114,3,1,5718.96
2784505,9,1,2952.95
3763197,48,1,5591.03
7349340,5,1,3720.31
1971410,20,1,4238.94
6271213,62,1,6615.45
2066470,56,1,4504.99
5026658,67,1,3983.25
2640390,44,1,6842.65
3810252,35,1,4273.93
2358499,29,1,4026.94
4610926,66,1,3560.45
5884847,59,1,4971.21
5644109,35,1,4238.94
6153273,38,1,4640.95
4952286,28,1,4279.99
1252070,18,1,4452.0
3072196,64,1,3861.0
3992337,13,1,5800.0
5415527,9,1,2799.0
2630071,19,1,4558.13
3869814,56,1,4752.76
5783792,5,1,3675.93
6960612,32,1,4678.96
4937479,4,1,4050.86
4065119,28,1,4177.99
6085831,50,1,5918.54
4414431,3,1,5801.45
3864544,36,1,3558.72
6285551,41,1,4539.74
6063602,34,1,6326.68
6356161,33,1,5122.01
5373267,47,1,4179.75
1273816,15,1,8258.24
1994185,38,1,4594.76
6803004,8,1,6794.27
3828345,61,1,4199.0
5136786,49,1,5006.53
2532806,50,1,6002.69
7219644,12,1,5720.0
4661003,45,1,4934.8
2237269,12,1,5830.0
1218048,22,1,7813.34
5448154,32,1,4699.21
2419545,19,1,4526.25
4531520,5,1,3689.85
2626295,34,1,6134.96
4542285,44,1,6395.0
4214996,1,1,6252.94
3712934,47,1,4274.2
3524585,45,1,5017.84
1361232,40,1,4487.68
4317568,50,1,6016.71
1819286,66,1,3534.96
5851780,55,1,3429.7
5735100,67,1,4026.94
4753063,18,1,4200.0
7376150,33,1,5071.04
2361698,22,1,7399.0
6837701,68,1,4192.95
4132573,50,1,6002.69
1849078,2,1,3500.0
6365275,18,1,4431.0
4130135,22,1,7842.94
2217655,6,1,2091.36
7091336,23,1,4574.96
3762348,61,1,4199.0
4015460,55,1,3337.44
7223848,54,1,5656.41
6810609,33,1,5049.19
1588061,14,1,8460.0
3015647,21,1,6175.94
5424969,58,1,3888.56
6170271,24,1,7805.95
2747613,67,1,3950.96
1432373,40,1,4450.94
4449585,11,1,4982.0
1301608,34,1,6311.93
1636048,60,1,3999.0
2026761,38,1,4651.94
3801334,35,1,4238.94
6485851,49,1,4948.04
6184589,55,1,3433.72
1957780,27,1,4397.11
1529016,68,1,4238.94
3280171,47,1,4240.03
1448917,43,1,3326.96
7008254,60,1,4192.95
2382046,32,1,4784.69
5833265,12,1,5744.75
2421693,61,1,4487.68
7291719,47,1,4213.91
5817976,15,1,8131.19
2592405,24,1,7399.0
2052365,29,1,3950.96
7335283,3,1,5856.44
6233251,35,1,4278.93
6223785,3,1,5499.0
3767062,60,1,4158.96
4786798,52,1,2784.15
3363951,41,1,4470.96
6466943,13,1,6032.0
6537135,56,1,4791.06
6712478,32,1,4678.96
6193643,55,1,3209.08
4176165,24,1,7813.34
7147695,32,1,4750.94
4340138,40,1,4471.94
4782325,60,1,4288.93
4791962,35,1,4238.94
4839789,57,1,2319.95
2049307,9,1,2910.96
6111801,24,1,7879.94
5231753,7,1,4600.99
6762258,65,1,4708.0
5685871,17,1,5679.85
6277044,57,1,2305.65
5172140,67,1,3799.0
2842481,62,1,6584.24
3335994,42,1,5317.5
1477139,44,1,6778.7
5334387,42,1,5200.0
6478352,43,1,3430.93
1462501,44,1,6858.64
3459711,18,1,4200.0
5803731,19,1,4250.0
7146033,42,1,5200.0
6943449,6,1,2044.56
6791296,27,1,4428.82
2149868,8,1,6768.35
2686012,51,1,3820.95
7187578,63,1,1924.0
6751436,7,1,4579.49
6605087,30,1,4589.25
4578037,59,1,4831.83
2674197,64,1,3852.0
5292229,61,1,4379.56
4160912,56,1,4775.29
1926527,7,1,4595.61
2214446,56,1,4752.76
6091007,17,1,5523.62
4607594,1,1,6134.96
5402187,22,1,7907.68
4176801,2,1,3500.0
3938629,43,1,3199.0
2055683,27,1,4460.53
4207952,25,1,4981.41
3672680,23,1,4662.94
6538834,17,1,5613.65
4043884,29,1,4026.94
7048304,63,1,1924.0
3446980,21,1,6030.96
4251083,19,1,4526.25
1599106,11,1,4958.5
4437498,11,1,4982.0
4294654,44,1,6395.0
5039118,28,1,4177.99
3820920,7,1,4547.24
6427555,50,1,5974.64
4574012,7,1,4536.49
2113844,66,1,3632.68
5272209,38,1,4640.95
3291924,29,1,3962.36
5246931,55,1,3385.58
3634245,62,1,6537.44
2240360,38,1,4594.76
6675691,46,1,5745.59
2022811,56,1,4504.99
4488404,6,1,2066.99
6964456,44,1,6698.76
3983273,62,1,6543.68
2709440,51,1,3894.43
7225076,59,1,4845.77
3026232,69,1,4238.94
4208799,6,1,2073.81
6158947,20,1,4170.96
6786039,32,1,4499.0
5862218,6,1,2076.74
6192539,37,1,3009.0
6058763,35,1,4176.96
4841909,43,1,3402.14
5514722,44,1,6778.7
5465904,60,1,3999.0
1384208,67,1,3799.0
5524611,19,1,4250.0
1898603,37,1,3174.5
3367016,1,1,6282.44
6675832,60,1,3999.0
6713954,58,1,3963.34
3519090,69,1,4288.93
3043936,20,1,4218.95
4039624,42,1,5300.0
2774572,63,1,1984.13
4101862,44,1,6842.65
4718559,37,1,3154.94
2369958,45,1,5089.01
5276105,34,1,6134.96
3430314,17,1,5679.85
3886172,43,1,3326.96
4889545,64,1,3798.0
3795030,57,1,2358.43
2380664,47,1,4260.13
3440001,58,1,4000.73
4526124,54,1,5967.51
1798847,59,1,4645.99
2032805,60,1,4238.94
4821192,31,1,4449.9
5670932,40,1,4450.94
6848326,6,1,2066.99
7207824,39,1,5529.14
2067116,34,1,6223.45
3764199,8,1,6868.79
6246934,26,1,3258.56
1938085,41,1,4546.19
2571798,14,1,8520.0
6691508,24,1,7842.94
5234755,53,1,8114.17
6842234,13,1,5800.0
2878673,31,1,4449.9
2498103,42,1,5222.5
5472777,2,1,3500.0
2845358,65,1,4642.0
5936000,25,1,5036.05
4493102,8,1,6739.19
6317962,15,1,8161.99
5607547,9,1,2952.95
2676514,60,1,4188.95
6478425,69,1,4288.93
4136230,34,1,6252.94
4409354,28,1,4159.99
2687185,40,1,4450.94
5821289,11,1,5040.75
6556055,23,1,4662.94
2808624,51,1,3879.73
4199323,3,1,5801.45
6412341,24,1,7805.95
3619484,33,1,4854.99
4833388,67,1,3799.0
6679744,55,1,3209.08
5698647,43,1,3341.36
3691747,28,1,4239.99
1172361,50,1,5609.99
5121229,29,1,4011.74
2706561,15,1,8007.99
6935089,17,1,5632.19
2525011,49,1,4959.74
6864350,4,1,4050.86
6130139,58,1,3888.56
5357833,60,1,4170.96
2444320,24,1,7399.0
6866332,48,1,5375.99
1246462,47,1,4213.91
4562000,68,1,4238.94
3442266,44,1,6650.8
1140771,67,1,4026.94
5234282,61,1,4379.56
4832771,30,1,4556.63
4323557,1,1,6134.96
6742978,60,1,4252.94
6949715,64,1,3807.0
5709935,68,1,4218.95
4209890,56,1,4757.27
5431110,23,1,4574.96
4220111,44,1,6834.66
6185199,34,1,6252.94
5787053,45,1,4745.0
6324619,26,1,3064.0
2342338,24,1,7717.16
5818580,17,1,5547.46
2548837,60,1,4218.95
6690885,58,1,3982.04
3611343,49,1,5006.53
2818640,29,1,3979.45
1211280,16,1,5567.22
3179888,19,1,4439.13
2927778,26,1,3186.56
3116201,52,1,2784.15
5895783,47,1,4240.03
6273327,22,1,7842.94
2168680,31,1,4772.52
3720513,33,1,5071.04
5396896,7,1,4573.04
2161283,2,1,3722.25
5037972,53,1,8085.8
7246407,59,1,4866.67
1438554,45,1,4745.0
6383954,67,1,3799.0
2069936,15,1,8142.74
2722756,36,1,3533.45
3018905,51,1,3876.06
5130549,2,1,3701.25
2480700,58,1,3944.65
5731844,40,1,4385.86
3538702,51,1,3820.95
1769703,60,1,4238.94
2244774,27,1,4481.67
1410635,10,1,5346.3
3962687,52,1,2797.34
1229180,27,1,4397.11
3369203,2,1,3710.0
5101538,1,1,5899.0
5123036,50,1,5995.68
4731252,62,1,6646.65
3420309,33,1,5122.01
2485263,35,1,4238.94
6791181,61,1,4429.95
6939168,67,1,3799.0
6854408,52,1,2744.56
1708131,1,1,6134.96
6482725,62,1,6615.45
6831036,58,1,4000.73
1238802,27,1,4428.82
6269714,34,1,6326.68
3279679,30,1,4350.0
6776988,51,1,3673.99
5210057,21,1,6175.94
5633060,42,1,5350.0
6762728,25,1,4750.99
2097092,35,1,4238.94
4834655,49,1,4905.93
5956978,47,1,4260.13
4455545,63,1,1850.0
2745529,14,1,8000.0
2940056,27,1,4428.82
7370149,46,1,5671.67
1541858,18,1,4452.0
1155455,8,1,6868.79
1563057,56,1,4775.29
3496272,44,1,6753.12
6747341,39,1,5422.56
6487177,58,1,3963.34
4657920,68,1,4288.93
5090258,63,1,1961.0
2934862,16,1,5522.41
1636234,41,1,4535.45
4719022,31,1,4627.9
6711357,41,1,4470.96
7265800,53,1,7925.03
6978783,37,1,3138.39
3958770,19,1,4526.25
1438841,67,1,3962.36
1273630,61,1,4199.0
4153767,1,1,5899.0
3110310,52,1,2823.73
3699686,40,1,4199.0
4260411,41,1,4571.99
5892291,13,1,6177.0
4913089,40,1,4450.94
4532837,22,1,7879.94
6015635,23,1,4588.16
6683008,59,1,4645.99
4448635,46,1,5677.05
3613935,31,1,4739.14
3994367,36,1,3572.2
4031996,66,1,3585.95
2028513,15,1,8238.99
6100898,67,1,3799.0
2269632,16,1,5561.95
1733812,20,1,4158.96
7148611,26,1,3274.65
5717859,62,1,6590.49
4906937,11,1,5040.75
6093441,27,1,4496.47
4660320,58,1,4000.73
3983850,67,1,4026.94
1388801,68,1,4218.95
1134407,5,1,3689.85
7098092,32,1,4746.45
5805263,59,1,4924.75
1924372,24,1,7813.34
6723798,42,1,5350.0
7126441,1,1,6311.93
3572324,26,1,3247.84
1612725,10,1,5302.96
5029172,58,1,4000.73
3334993,19,1,4456.13
2997029,51,1,3820.95
1470833,30,1,4524.0
4519696,36,1,3605.9
7146870,9,1,2952.95
4723877,31,1,4641.25
4406961,53,1,8019.6
4999938,15,1,8123.49
4479302,26,1,3186.56
6133719,68,1,4238.94
3161140,1,1,6134.96
4708157,37,1,3174.5
7131384,27,1,4409.79
4923506,52,1,2639.0
6963361,27,1,4518.66
6314526,50,1,5974.64
1472100,4,1,3993.73
1650104,39,1,5575.93
4956473,45,1,4745.0
3523424,66,1,3619.94
1882503,36,1,3589.05
6363803,55,1,3441.74
5542779,51,1,3894.43
1304561,42,1,5300.0
6640295,25,1,5012.29
5699171,58,1,3916.6
5930598,14,1,8356.0
4926179,44,1,6858.64
6027084,46,1,5685.11
2187369,68,1,4288.93
6525498,65,1,4679.4
3899462,45,1,4956.15
4406804,27,1,4481.67
1500489,66,1,3594.44
3909796,32,1,4692.46
3480213,49,1,4983.14
6567656,55,1,3337.44
5923911,27,1,4227.99
1216694,59,1,4845.77
5335195,60,1,4158.96
1551985,18,1,4466.7
3573660,69,1,4278.93
4092344,36,1,3504.8
3662884,34,1,6282.44
1253281,26,1,3247.84
3150922,51,1,3940.35
7093023,58,1,3944.65
5305023,15,1,8073.44
2690647,45,1,5005.98
6547105,49,1,4959.74
1503071,41,1,4556.94
2105212,53,1,7565.66
4713220,41,1,4535.45
2781128,12,1,5898.75
4651685,30,1,4350.0
5504180,34,1,6326.68
1342678,54,1,5995.79
3570977,31,1,4665.72
5185959,19,1,4483.75
7106530,63,1,1961.0
5533191,30,1,4611.0
1570097,47,1,4213.91
2328646,27,1,4416.14
3245169,27,1,4481.67
6981719,46,1,5717.37
2858641,24,1,7879.94
2716051,27,1,4523.95
5528311,64,1,3816.0
5484128,26,1,3064.0
3891860,7,1,4579.49
4400628,19,1,4250.0
5326545,44,1,6778.7
5297671,24,1,7935.43
1455039,20,1,4238.94
4673176,9,1,2966.94
3573989,18,1,4473.0
4807740,30,1,4654.5
4198891,58,1,3944.65
4814969,5,1,3733.36
6381174,50,1,5974.64
6014487,47,1,4209.89
5526016,46,1,5698.55
5408819,49,1,4866.16
7308341,4,1,4037.53
3563869,38,1,4399.0
5833318,26,1,3274.65
2801694,44,1,6395.0
6327006,13,1,6032.0
5247019,8,1,6739.19
3972753,44,1,6395.0
4811446,23,1,4662.94
1906029,35,1,4288.93
4885799,48,1,5591.03
6931090,16,1,5271.99
5705414,53,1,8000.69
1636222,24,1,7694.96
6607676,16,1,5567.22
4019530,52,1,2820.43
2325289,3,1,5828.94
2555784,46,1,5591.03
7150691,21,1,6146.94
3335955,67,1,4064.93
7014320,36,1,3572.2
6764009,21,1,6204.93
3427894,7,1,4547.24
1383811,34,1,6273.59
2528103,49,1,4959.74
2356771,20,1,4188.95
7161762,65,1,4708.0
7066356,1,1,6238.19
5696072,47,1,4310.37
5562839,33,1,4854.99
7084722,28,1,4219.99
6373767,11,1,4982.0
4184682,55,1,3401.62
2992291,49,1,4959.74
4983918,64,1,3816.0
4706253,3,1,5760.2
3271044,26,1,3247.84
2018377,12,1,5885.0
1534284,18,1,4368.0
5978290,40,1,4199.0
3349886,47,1,4295.3
6321524,41,1,4594.56
2147989,35,1,3999.0
1797451,20,1,4258.94
2484916,67,1,4026.94
7186061,40,1,4503.43
7255384,47,1,4260.13
3784718,68,1,4238.94
7156957,2,1,3727.5
4368387,55,1,3417.67
6604948,20,1,3999.0
4443535,2,1,3710.0
3266034,66,1,3563.85
3819699,6,1,2073.81
5962075,55,1,3337.44
6909016,33,1,5126.87
5847656,40,1,4199.0
7011789,65,1,4708.0
2986704,54,1,6024.08
3395514,23,1,4640.95
6702155,6,1,2057.24
6452711,53,1,7925.03
7320941,30,1,4600.13
1511564,21,1,6175.94
1137722,2,1,3500.0
2922434,66,1,3602.94
3740745,14,1,8448.0
4901577,60,1,3999.0
6243253,57,1,2296.86
2970156,46,1,5698.55
2489591,69,1,4238.94
3447923,8,1,6852.59
1348296,52,1,2797.34
2592249,45,1,5046.31
6054222,23,1,4640.95
3935963,7,1,4579.49
6949188,33,1,5206.98
3635772,36,1,3572.2
4393068,18,1,4368.0
2554206,43,1,3390.94
5883659,1,1,6282.44
1265070,49,1,4679.0
5117452,20,1,3999.0
3192604,19,1,4250.0
4949218,20,1,4278.93
1754065,34,1,6229.34
6507323,26,1,3274.65
6467378,42,1,5325.0
2568174,20,1,4158.96
5382036,46,1,5698.55
5691068,30,1,4524.0
6704361,43,1,3326.96
5640940,57,1,2341.94
4215702,30,1,4543.58
4812687,53,1,7868.29
3943765,67,1,4011.74
2446168,48,1,5636.73
3819570,69,1,4188.95
3881193,54,1,5995.79
1995280,50,1,5834.39
6045123,30,1,4611.0
4371952,26,1,3278.48
6768482,4,1,4037.53
4608806,13,1,6177.0
3301512,53,1,8019.6
3058523,23,1,4574.96
1678526,42,1,5300.0
5942281,50,1,5609.99
4677280,67,1,4045.94
6397713,4,1,4022.29
2303576,44,1,6746.73
3048373,57,1,2341.94
7305050,60,1,4288.93
6501740,37,1,3129.36
2982181,43,1,3326.96
6386246,11,1,5040.75
1516790,16,1,5271.99
2163435,3,1,5718.96
4894372,44,1,6669.99
3068948,3,1,5499.0
6582795,1,1,6311.93
2101595,60,1,3999.0
3905332,69,1,4222.94
2099756,31,1,4449.9
5769323,65,1,4400.0
2351281,7,1,4600.99
1511190,62,1,6615.45
6741014,39,1,5406.96
5365859,22,1,7916.93
4317918,37,1,3174.5
6983024,65,1,4708.0
6997790,1,1,6252.94
3612146,25,1,5083.56
1532917,22,1,7868.84
5487502,65,1,4595.8
2398707,39,1,5199.0
6208308,43,1,3382.94
4675450,49,1,4959.74
1531248,60,1,4278.93
2098429,3,1,5828.94
4056716,41,1,4483.86
1573484,15,1,7699.99
5834421,39,1,5406.96
3946505,30,1,4556.63
1531182,10,1,5302.96
4545120,57,1,2330.94
6788238,47,1,4260.13
7299277,4,1,3989.92
6773428,28,1,4159.99
2364439,58,1,4000.73
1634354,6,1,2073.81
6310841,15,1,8123.49
4173891,22,1,7399.0
3782457,6,1,2086.49
2277798,20,1,3999.0
1705258,65,1,4664.0
3219860,44,1,6778.7
1406763,25,1,4941.03
7107983,13,1,6119.0
7322966,22,1,7399.0
5023755,24,1,7728.26
2453663,59,1,4947.98
7260737,25,1,4750.99
2122133,38,1,4662.94
6876791,61,1,4450.94
3233574,44,1,6753.12
6278913,21,1,6132.44
3341636,24,1,7916.93
4033621,38,1,4399.0
4976747,11,1,5029.0
1781248,58,1,3963.34
3220490,60,1,3999.0
5652776,29,1,3950.96
2844658,8,1,6794.27
6907264,68,1,4222.94
2116102,41,1,4578.44
2869777,51,1,3820.95
4344173,35,1,4158.96
1210336,51,1,3940.35
1317867,69,1,4258.94
6613619,48,1,5591.03
4055987,60,1,3999.0
1869485,34,1,6252.94
2238326,9,1,2959.94
5949297,65,1,4576.0
1550955,60,1,4238.94
3634237,28,1,4239.99
7059262,19,1,4547.5
1732487,1,1,6273.59
3021006,51,1,3894.43
2388960,62,1,6615.45
5052152,35,1,4238.94
1949830,16,1,5588.31
4611661,57,1,2352.93
3992432,61,1,4492.93
4304070,20,1,4238.94
2308509,14,1,8000.0
4244984,43,1,3199.0
1606179,47,1,4310.37
3823807,36,1,3589.05
4188645,12,1,5830.0
5992300,53,1,8114.17
2839407,62,1,6615.45
3640825,18,1,4368.0
1727573,51,1,3907.29
5155967,47,1,4250.08
3357626,50,1,5946.59
5798754,33,1,5194.84
6041299,42,1,5343.75
3631405,62,1,6677.86
2940115,8,1,6933.59
2047978,51,1,3885.24
4652928,56,1,4504.99
3279357,35,1,4258.94
7091522,6,1,2044.56
3967475,48,1,5677.05
2823551,8,1,6891.47
6011122,34,1,5899.0
6582349,65,1,4646.4
4398138,22,1,7842.94
3982943,54,1,5882.67
6715387,32,1,4784.69
4117533,4,1,4050.86
1282368,10,1,5404.94
1213381,47,1,4179.75
3351731,9,1,2966.94
2754902,24,1,7805.95
3648251,34,1,6223.45
4307731,69,1,4258.94
3380284,50,1,5876.46
6353751,63,1,1977.19
1728113,54,1,5656.41
3316974,18,1,4452.0
6554008,50,1,6016.71
3832481,56,1,4775.29
4760143,1,1,6134.96
6017416,2,1,3500.0
6311142,39,1,5406.96
1794189,5,1,3480.99
6098256,23,1,4662.94
3589784,3,1,5718.96
5491967,13,1,6148.0
3582590,13,1,6206.0
1171484,38,1,4717.93
2680115,16,1,5482.87
5885102,35,1,4238.94
2965252,68,1,4222.94
7239906,38,1,4640.95
1886415,48,1,5636.73
2547240,15,1,8123.49
4375558,47,1,4260.13
3807129,23,1,4684.94
6556108,24,1,7399.0
5118679,66,1,3645.43
5576076,47,1,4179.75
1574604,48,1,5698.55
4348370,20,1,3999.0
1240460,61,1,4503.43
7337778,1,1,6161.51
3712495,64,1,3834.0
5047118,14,1,8460.0
1806138,14,1,8000.0
6466898,34,1,6134.96
2807590,61,1,4429.95
3095416,11,1,5005.5
7098067,31,1,4647.92
7154590,21,1,6146.94
6158906,47,1,4260.13
3799340,16,1,5575.13
4618643,57,1,2199.0
5372724,38,1,4399.0
4595252,5,1,3681.15
2837022,34,1,6134.96
5946900,68,1,4273.93
2263292,27,1,4496.47
4556416,26,1,3274.65
1698973,23,1,4574.96
3309763,41,1,4470.96
6142407,7,1,4579.49
5661086,1,1,5899.0
1245502,43,1,3336.56
4043069,46,1,5615.22
3065701,23,1,4645.34
7225383,31,1,4449.9
6574015,9,1,3001.93
7165770,35,1,4238.94
3430583,53,1,7868.29
3011797,51,1,3931.17
3983340,64,1,3600.0
3327943,48,1,5671.67
6601333,7,1,4471.99
4606617,69,1,3999.0
2092722,59,1,4971.21
6124496,31,1,4694.64
6487845,25,1,5024.17
2159284,8,1,6901.19
2703919,65,1,4664.0
5869488,56,1,4752.76
3590871,4,1,4037.53
4138207,48,1,5677.05
3426607,37,1,3189.54
6220593,62,1,6693.46
5465016,45,1,5053.43
1778842,26,1,3064.0
1928298,65,1,4702.5
3048118,30,1,4654.5
1503686,19,1,4483.75
1988222,58,1,3916.6
5246608,66,1,3563.85
2485512,35,1,4188.95
5847889,14,1,8480.0
1341192,11,1,4982.0
2860378,14,1,8480.0
5674322,54,1,5882.67
5364611,10,1,5404.94
6689846,36,1,3533.45
4470329,1,1,6238.19
5534307,14,1,8000.0
2418107,20,1,4218.95
6461171,27,1,4496.47
1164924,58,1,3963.34
6964082,41,1,4470.96
3167152,16,1,5527.68
4665839,40,1,4199.0
4347140,34,1,5899.0
2758805,46,1,5698.55
2927703,64,1,3744.0
6325624,32,1,4768.94
6913664,35,1,4278.93
1555689,5,1,3630.67
7207331,34,1,6223.45
1504948,56,1,4685.19
6620289,19,1,4547.5
2671865,25,1,4955.28
3140471,42,1,5200.0
4731688,8,1,6868.79
1163751,17,1,5613.65
5316913,50,1,5932.56
2075130,68,1,4238.94
3101028,13,1,6148.0
4830064,57,1,2296.86
3337526,62,1,6693.46
4169254,37,1,3189.54
3857180,67,1,3799.0
1979839,5,1,3480.99
1548862,27,1,4502.81
7370016,11,1,4700.0
6178297,64,1,3754.8
3316785,25,1,5036.05
1217439,60,1,4238.94
3468331,30,1,4524.0
7055600,66,1,3399.0
5732744,49,1,4959.74
2246174,50,1,5834.39
6387124,29,1,3799.0
4908338,56,1,4831.6
1475996,11,1,5023.13
6412306,35,1,3999.0
5553460,57,1,2199.0
2283002,36,1,3555.35
2369364,65,1,4400.0
6589235,62,1,6693.46
3952241,67,1,4007.95
2087487,63,1,1924.0
5876319,51,1,3852.18
4311588,16,1,5567.22
3070212,45,1,5005.98
1911495,9,1,2955.74
4127340,36,1,3370.0
1117387,59,1,4924.75
5253750,40,1,4199.0
1751585,31,1,4647.92
5158499,32,1,4768.94
4770294,56,1,4820.34
4298585,12,1,5857.5
5867277,26,1,3258.56
2501322,42,1,5362.5
2567235,50,1,5876.46
2114241,30,1,4611.0
4191351,49,1,4959.74
7334338,36,1,3370.0
4616040,48,1,5698.55
2980870,60,1,4258.94
4952327,47,1,4300.32
6037924,11,1,4970.25
5426302,6,1,2091.36
1756854,64,1,3861.0
7192460,48,1,5765.75
3383217,4,1,4022.29
3333407,48,1,5725.43
2436367,56,1,4752.76
2094744,60,1,3999.0
2404993,2,1,3640.0
6011875,22,1,7728.26
1978214,19,1,4432.75
6161857,25,1,4941.03
4284851,4,1,3961.35
3101387,11,1,4927.95
6648685,64,1,3816.0
5035355,12,1,5720.0
2630256,14,1,8480.0
4284556,31,1,4449.9
2399548,49,1,4941.02
2029617,13,1,6148.0
5056034,6,1,2042.61
1701521,43,1,3326.96
1564158,3,1,5848.19
5807444,49,1,5006.53
3543924,17,1,5587.17
4517564,23,1,4706.93
3315634,40,1,4429.95
6717027,62,1,6615.45
1190048,50,1,5882.07
2397170,40,1,4465.64
6633503,56,1,4820.34
4210104,62,1,6240.99
2613034,55,1,3417.67
7014064,46,1,5671.67
6548524,32,1,4678.96
5061590,32,1,4499.0
5374467,13,1,6081.3
5760970,12,1,5885.0
2261295,20,1,4188.95
2563108,64,1,3600.0
1386825,51,1,3894.43
6534804,1,1,5899.0
4908714,10,1,5430.44
3883613,7,1,4504.24
1716270,22,1,7824.44
2595311,68,1,3999.0
2202409,22,1,7728.26
7351076,6,1,2073.81
4835273,42,1,5000.0
5259244,12,1,5849.25
1653270,29,1,3799.0
3850505,31,1,4449.9
2898996,16,1,5271.99
3586571,37,1,3154.94
4517199,48,1,5698.55
4911160,65,1,4686.0
3923128,69,1,4278.93
3039943,17,1,5587.17
4454429,53,1,8000.69
3298120,57,1,2286.96
4308662,63,1,1961.0
4746028,11,1,4982.0
2508834,24,1,7757.85
4443017,37,1,3129.36
7020203,42,1,5343.75
1982899,58,1,3996.06
7301396,67,1,4026.94
1382545,69,1,4218.95
4184865,25,1,4955.28
6526153,32,1,4499.0
5570766,42,1,5200.0
3433071,65,1,4664.0
6486739,64,1,3852.0
3697053,44,1,6395.0
4771988,28,1,4279.99
6849244,21,1,6030.96
4584291,16,1,5588.31
3249322,59,1,4901.52
4328842,19,1,4432.75
7188213,5,1,3620.23
5609495,24,1,7935.43
2525567,55,1,3433.72
4734382,1,1,6326.68
3024469,3,1,5828.94
1186708,14,1,8000.0
2699036,16,1,5588.31
4312665,23,1,4717.93
4500856,28,1,4159.99
1628428,6,1,1949.99
3649018,62,1,6584.24
2965446,63,1,1850.0
4138673,49,1,4901.25
3425702,53,1,7902.33
5557402,62,1,6590.49
5725406,39,1,5406.96
5261853,39,1,5406.96
6416220,2,1,3753.75
1956172,11,1,4963.2
6199197,14,1,8000.0
5192302,60,1,4258.94
4536857,54,1,6052.36
7360947,63,1,1951.75
5393037,19,1,4547.5
1352078,46,1,5752.31
2308271,56,1,4723.48
1621956,43,1,3418.93
3854004,50,1,5851.22
5774217,47,1,4213.91
5512801,37,1,3174.5
5467266,45,1,5029.7
4793436,40,1,4366.96
7059616,31,1,4699.09
2296325,61,1,4450.94
3052592,31,1,4627.9
4191939,59,1,4924.75
3459964,58,1,3996.06
6761385,16,1,5567.22
2271862,23,1,4662.94
5708272,19,1,4483.75
6399921,69,1,3999.0
4862701,56,1,4797.81
3944844,49,1,4887.22
1699372,6,1,2066.99
4682893,34,1,6223.45
4983307,25,1,5059.8
1180734,33,1,5146.29
1424237,27,1,4481.67
4876331,37,1,3219.63
3495920,31,1,4661.27
1696154,69,1,4238.94
4699497,45,1,4975.13
2749865,12,1,5885.0
4965418,67,1,3799.0
2654691,45,1,5089.01
3821345,69,1,4170.96
6461950,25,1,5052.68
4974256,69,1,4158.96
5903631,50,1,5974.64
3915791,34,1,6229.34
2448460,52,1,2744.56
5919706,22,1,7842.94
4816624,58,1,3963.34
6698490,21,1,6030.96
6674165,24,1,7824.44
6064703,69,1,4252.94
6092987,64,1,3600.0
2399306,30,1,4524.0
5586170,65,1,4664.0
3990048,1,1,6252.94
3623990,49,1,4948.04
1311167,66,1,3645.43
1249068,64,1,3798.0
1213420,65,1,4400.0
4242440,62,1,6240.99
4705989,13,1,6081.3
5617908,33,1,5134.15
1381205,3,1,5718.96
3228107,55,1,3433.72
2849405,35,1,4252.94
1872835,51,1,3876.06
7152184,31,1,4716.89
3756509,49,1,4901.25
4520668,8,1,6787.79
7072980,41,1,4503.2
2438798,14,1,8000.0
6361254,61,1,4450.94
4496343,21,1,5799.0
4203747,34,1,6252.94
3238299,31,1,4627.9
7329248,46,1,5671.67
5850613,29,1,4026.94
5438322,21,1,6030.96
4981982,24,1,7879.94
3495452,43,1,3326.96
1920344,30,1,4556.63
4115250,15,1,8123.49
2750638,47,1,4209.89
2024990,20,1,4288.93
6219405,48,1,5591.03
3703558,46,1,5752.31
5811475,47,1,4300.32
6412842,60,1,4192.95
2332798,48,1,5698.55
2454071,14,1,8320.0
6468452,16,1,5588.31
3697733,20,1,4238.94
5151191,20,1,4278.93
1913792,45,1,5029.7
3104108,29,1,3799.0
6959598,12,1,5500.0
5917964,45,1,5017.84
4889408,46,1,5698.55
6656410,24,1,7824.44
2148975,62,1,6240.99
7081855,34,1,6252.94
3342413,59,1,4924.75
6912359,5,1,3620.23
2215530,8,1,6949.79
5271578,19,1,4505.0
2921302,39,1,5406.96
2370134,33,1,5146.29
4652616,9,1,2966.94
4408518,63,1,1924.0
6678036,19,1,4494.38
3704949,52,1,2823.73
2910381,36,1,3519.97
5924564,32,1,4757.69
6247649,23,1,4399.0
2564633,47,1,4213.91
1455379,29,1,4026.94
1911434,44,1,6810.68
1965997,59,1,4965.4
5460458,43,1,3390.94
2250709,56,1,4797.81
1518315,23,1,4706.93
2582205,22,1,7824.44
2104244,33,1,4854.99
1535690,55,1,3401.62
6240418,26,1,3258.56
2596420,63,1,1850.0
6467449,53,1,7868.29
4489273,25,1,5095.44
1329366,54,1,5973.17
4470822,30,1,4611.0
3989486,61,1,4199.0
5848962,64,1,3744.0
2621265,55,1,3337.44
3101600,40,1,4398.45
3535683,58,1,3996.06
1334536,55,1,3441.74
1367515,67,1,4045.94
2347150,2,1,3500.0
6758513,3,1,5883.93
4147781,40,1,4366.96
1347565,22,1,7399.0
3668211,35,1,3999.0
6598912,34,1,5899.0
3094931,58,1,3953.99
5010785,7,1,4557.99
4219621,9,1,3001.93
1356426,23,1,4662.94
6729288,58,1,3982.04
4346104,54,1,5995.79
5230612,37,1,3189.54
2701340,8,1,6836.39
2086294,30,1,4350.0
5277255,44,1,6679.58
5742953,58,1,3963.34
5400236,23,1,4640.95
3768503,44,1,6858.64
6779348,6,1,1949.99
5569443,40,1,4402.65
3246407,7,1,4579.49
4204767,22,1,7728.26
4619251,55,1,3401.62
3742530,53,1,7868.29
6445777,63,1,1951.75
3676597,43,1,3382.94
5078285,8,1,6868.79
3765606,21,1,6030.96
6522725,30,1,4611.0
6126190,56,1,4685.19
5788077,52,1,2756.44
2546684,3,1,5806.94
4635506,18,1,4488.75
3193355,1,1,6134.96
4236743,21,1,6175.94
2228922,27,1,4227.99
7063355,49,1,4959.74
3979972,37,1,3189.54
3378675,4,1,4018.48
1701472,53,1,8057.43
2992197,42,1,5300.0
3604057,52,1,2810.54
6789481,36,1,3530.08
5655426,63,1,1961.0
1618662,60,1,4222.94
5299726,30,1,4611.0
5899635,28,1,4171.99
4189070,22,1,7842.94
5831676,37,1,3177.5
4557828,54,1,5882.67
2077492,14,1,8344.0
1748909,55,1,3417.67
2004885,1,1,5899.0
5768219,30,1,4543.58
3672701,32,1,4692.46
5067739,28,1,4274.99
1550463,27,1,4397.11
6433551,44,1,6650.8
1158428,38,1,4399.0
2884084,20,1,4273.93
6377355,39,1,5490.14
4182391,67,1,4045.94
4626560,3,1,5760.2
2027470,57,1,2319.95
1123484,64,1,3744.0
1521673,19,1,4420.0
3158959,61,1,4450.94
4046632,40,1,4199.0
1753344,19,1,4420.0
3299218,67,1,4026.94
6705301,23,1,4717.93
4345824,53,1,7565.66
4906339,24,1,7805.95
1756068,54,1,5656.41
5664379,52,1,2744.56
3778024,30,1,4611.0
5348804,20,1,4192.95
4558193,48,1,5698.55
2270347,39,1,5497.94
2464759,41,1,4571.99
4740728,30,1,4560.98
3352528,18,1,4494.0
4424690,20,1,3999.0
6898801,52,1,2639.0
5588348,9,1,2934.75
3477966,59,1,4831.83
3700343,19,1,4505.0
6357295,7,1,4595.61
5737787,50,1,5974.64
1933348,25,1,5059.8
4761105,6,1,2076.74
1412569,14,1,8440.0
3794878,20,1,4238.94
4703033,59,1,4831.83
6050817,62,1,6637.29
2278706,48,1,5607.16
5506954,68,1,4288.93
3401190,6,1,2027.99
6032695,55,1,3337.44
1628807,55,1,3337.44
2905938,15,1,8161.99
5749597,5,1,3707.25
7362005,16,1,5575.13
3904710,38,1,4399.0
4390575,38,1,4588.16
1404635,46,1,5671.67
6048468,17,1,5507.74
4431923,50,1,5974.64
1423085,15,1,8042.64
4732588,66,1,3619.94
7236769,33,1,5134.15
6298824,60,1,4228.94
4144370,26,1,3186.56
6735468,10,1,5430.44
2557027,57,1,2330.94
7204797,3,1,5877.06
5153527,68,1,3999.0
6085124,52,1,2744.56
5766823,53,1,8095.26
5784843,59,1,4965.4
2961791,47,1,4300.32
2101804,39,1,5406.96
7126778,29,1,3799.0
4359734,47,1,4250.08
3242707,7,1,4299.99
5423174,59,1,4982.82
3128311,45,1,4949.04
3782752,19,1,4526.25
4620513,10,1,5404.94
5643688,25,1,4941.03
5888636,61,1,4429.95
1618496,51,1,3940.35
5785967,59,1,4645.99
2206021,31,1,4716.89
4643710,36,1,3605.9
3276678,66,1,3602.94
2955124,3,1,5828.94
5990300,53,1,7890.98
3580918,43,1,3390.94
4185553,66,1,3563.85
4780037,23,1,4588.16
5501226,40,1,4465.64
5272106,68,1,4176.96
2954537,18,1,4403.7
5524185,1,1,6152.66
5026895,67,1,3799.0
4508617,5,1,3724.66
2146072,26,1,3186.56
6094066,2,1,3710.0
2936479,50,1,5974.64
4574001,5,1,3675.93
1660555,23,1,4706.93
2321304,35,1,4238.94
2435463,56,1,4504.99
4978938,12,1,5885.0
1492300,61,1,4450.94
4702238,1,1,6252.94
6558775,64,1,3861.0
1848120,61,1,4366.96
2204379,49,1,5018.23
1257140,3,1,5499.0
1588040,2,1,3655.75
1333321,63,1,1984.13
2367319,41,1,4556.94
2484079,43,1,3406.94
1401581,37,1,3204.59
4118556,57,1,2286.96
1959778,42,1,5317.5
1916322,2,1,3710.0
1520330,13,1,6081.3
2808748,19,1,4505.0
3507926,19,1,4505.0
6088058,10,1,5099.0
2211494,63,1,1929.55
3427044,5,1,3707.25
4886256,45,1,4745.0
3265466,61,1,4450.94
6462685,29,1,4040.24
1961096,50,1,5974.64
3252464,16,1,5588.31
4831395,51,1,3837.48
2162626,69,1,4218.95
4110017,21,1,6146.94
4058355,11,1,5029.0
5847369,26,1,3286.14
2053794,22,1,7399.0
2539346,21,1,6146.94
6034666,46,1,5725.43
6899858,65,1,4613.4
6196854,57,1,2199.0
2847978,46,1,5615.22
7376986,17,1,5592.47
6265157,33,1,5122.01
2217267,53,1,8019.6
1894953,40,1,4450.94
1592079,15,1,8238.99
5832154,3,1,5735.46
4140093,38,1,4678.34
1712241,58,1,3905.39
4562034,7,1,4508.54
6871735,15,1,8007.99
2660744,41,1,4470.96
4674211,45,1,4934.8
3118121,59,1,4871.32
4036911,34,1,6179.2
5894664,62,1,6646.65
3612889,17,1,5613.65
3243806,13,1,6081.3
7090484,33,1,5146.29
2410742,14,1,8520.0
2537962,42,1,5275.0
7328173,15,1,8238.99
3362797,38,1,4651.94
1176975,57,1,2352.93
3295536,57,1,2199.0
6177746,22,1,7717.16
5556208,27,1,4523.95
5528308,52,1,2797.34
5020865,59,1,4924.75
2034172,33,1,5063.75
4768143,32,1,4757.69
3570327,18,1,4452.0
5364348,27,1,4481.67
6006438,64,1,3600.0
1273092,17,1,5666.61
5443155,38,1,4717.93
2268863,31,1,4449.9
2631396,6,1,1949.99
6682691,61,1,4471.94
2725890,40,1,4487.68
4512047,33,1,4854.99
7297984,32,1,4717.2
3687415,64,1,3744.0
4241228,48,1,5671.67
5613292,37,1,3204.59
2670326,67,1,4045.94
2108299,45,1,5005.98
3053293,42,1,5362.5
4835661,62,1,6490.63
6057542,44,1,6810.68
4225044,8,1,6852.59
1174987,16,1,5641.03
3920863,15,1,8007.99
3332769,69,1,4252.94
2708318,46,1,5745.59
6245032,23,1,4684.94
5910767,40,1,4440.44
6550384,27,1,4397.11
2010949,24,1,7842.94
4713558,39,1,5406.96
6129814,59,1,4924.75
3157972,9,1,2991.43
7062087,34,1,6238.19
2876751,48,1,5615.22
4350229,14,1,8580.0
1727921,24,1,7805.95
6293430,61,1,4199.0
5571075,63,1,1850.0
3114069,48,1,5765.75
2643335,14,1,8356.0
3380915,24,1,7842.94
6468211,68,1,4273.93
4300954,64,1,3816.0
1833117,61,1,4471.94
6801449,65,1,4400.0
6939043,60,1,4238.94
2702576,34,1,6179.2
5142607,45,1,5077.15
1406295,4,1,4085.14
4327206,9,1,2980.94
4196018,43,1,3422.93
6701780,40,1,4429.95
3026972,22,1,7750.45
5086471,29,1,3950.96
3752401,49,1,4959.74
3951392,19,1,4432.75
6056608,68,1,4158.96
7002106,42,1,5000.0
5863330,67,1,3950.96
5690896,25,1,4750.99
6998194,34,1,6223.45
3162718,26,1,3200.35
1181721,46,1,5591.03
3090621,30,1,4543.58
4539681,24,1,7399.0
5715127,10,1,5379.45
2527223,5,1,3707.25
6833546,28,1,4279.99
7152637,35,1,4170.96
1453774,3,1,5801.45
6437069,11,1,4927.95
2249566,29,1,4026.94
6066725,47,1,4179.75
4845161,7,1,4484.89
7313221,33,1,5063.75
1433896,27,1,4523.95
5707353,31,1,4739.14
5318762,7,1,4557.99
3862539,43,1,3390.94
7292725,11,1,4888.0
5714365,37,1,3189.54
1785549,60,1,4278.93
4389159,59,1,4947.98
6695723,7,1,4471.99
6306290,30,1,4654.5
1548662,29,1,4026.94
6204866,1,1,6134.96
4272689,27,1,4481.67
4299060,23,1,4588.16
6758597,2,1,3722.25
3226069,22,1,7842.94
3340271,62,1,6693.46
6985193,60,1,4170.96
3910462,35,1,4238.94
3424921,21,1,6117.95
1538267,52,1,2639.0
3331329,9,1,2966.94
6686274,60,1,4158.96
6194337,46,1,5375.99
3283550,35,1,4238.94
1463613,57,1,2352.93
4362184,28,1,4239.99
5333293,46,1,5636.73
6911763,20,1,4158.96
7324361,62,1,6590.49
5918814,63,1,1951.75
5800478,8,1,6868.79
1407411,61,1,4487.68
5961883,30,1,4524.0
6951534,4,1,4070.86
2834523,20,1,4218.95
5261469,39,1,5430.36
5344097,47,1,4260.13
5687495,58,1,3899.78
6500330,69,1,4273.93
3969897,6,1,1949.99
7027464,17,1,5295.9
6963972,62,1,6693.46
4940640,69,1,4188.95
7189593,61,1,4492.93
1931953,48,1,5725.43
5880266,17,1,5552.75
4322720,38,1,4640.95
6035941,63,1,1970.25
4784601,39,1,5575.93
2785178,25,1,5017.05
2847748,37,1,3009.0
1916759,65,1,4609.0
6770061,26,1,3278.48
6520410,68,1,4192.95
6552595,27,1,4481.67
7031756,11,1,4909.15
7093623,55,1,3393.6
5598550,1,1,6229.34
6575741,9,1,2799.0
7266987,3,1,5848.19
6930730,14,1,8000.0
3675795,16,1,5614.67
5471660,8,1,6868.79
2872331,24,1,7728.26
4510926,19,1,4420.0
3595732,32,1,4712.7
3941281,16,1,5641.03
5791770,32,1,4678.96
3691505,57,1,2330.94
6147017,2,1,3669.75
6020735,24,1,7717.16
6676673,45,1,5029.7
3885193,33,1,5085.6
4867262,67,1,3799.0
4018672,47,1,4018.99
2402430,17,1,5507.74
2762489,68,1,4218.95
7360034,36,1,3572.2
2582762,30,1,4611.0
2270788,23,1,4717.93
1428972,34,1,5899.0
7081422,13,1,6206.0
2373731,48,1,5745.59
2349091,34,1,6134.96
1864749,5,1,3480.99
6160753,13,1,6032.0
6886721,5,1,3733.36
6025341,36,1,3614.33
4701598,21,1,6175.94
4292007,21,1,6030.96
6378566,18,1,4200.0
7231279,16,1,5527.68
1683323,11,1,5005.5
2901363,61,1,4398.45
4184333,20,1,4288.93
3107369,28,1,4159.99
1954255,14,1,8000.0
2728357,27,1,4534.52
1633253,15,1,7699.99
5590836,3,1,5765.7
2871283,40,1,4492.93
5713953,39,1,5484.95
6037920,68,1,4258.94
3136118,40,1,4379.56
1692789,12,1,5857.5
6358722,30,1,4543.58
6826949,57,1,2325.44
2477901,8,1,6868.79
1657329,3,1,5765.7
6830778,5,1,3724.66
1753655,52,1,2797.34
4921251,31,1,4772.52
5338402,7,1,4471.99
1623005,57,1,2286.96
3812525,15,1,8200.49
2669967,41,1,4470.96
5299131,56,1,4504.99
1142848,49,1,5018.23
7180892,41,1,4599.93
2861939,12,1,5766.75
1177153,41,1,4610.68
7376738,22,1,7868.84
6112081,56,1,4775.29
6482210,43,1,3402.14
6971588,56,1,4685.19
1716627,40,1,4366.96
3351988,66,1,3602.94
7289838,69,1,4273.93
3225124,60,1,4158.96
1691756,36,1,3605.9
4100150,57,1,2319.95
1915887,9,1,2919.36
4457536,29,1,4026.94
3383907,52,1,2823.73
2721776,45,1,4745.0
5293031,59,1,4906.17
3135177,55,1,3433.72
2672990,39,1,5199.0
4614282,14,1,8000.0
6946141,61,1,4199.0
2188982,64,1,3744.0
1826241,36,1,3572.2
2961705,31,1,4449.9
5327025,2,1,3500.0
2248192,48,1,5591.03
2129503,52,1,2797.34
3681551,33,1,5170.56
5352060,8,1,6479.99
5610579,53,1,7868.29
2070323,51,1,3820.95
6411797,23,1,4706.93
4644638,65,1,4653.0
3274471,46,1,5631.35
6973209,45,1,5029.7
3091397,4,1,4075.62
5989927,59,1,4982.82
3256166,26,1,3186.56
1452967,65,1,4719.0
1615958,48,1,5717.37
2319628,52,1,2830.33
6437349,67,1,4011.74
1263588,23,1,4662.94
6300542,44,1,6778.7
2836041,18,1,4200.0
6723532,18,1,4452.0
4089486,15,1,8161.99
1734643,18,1,4494.0
2479298,55,1,3209.08
1438218,21,1,5799.0
4437714,4,1,4037.53
1409364,27,1,4464.76
3665004,26,1,3263.16
3496466,23,1,4717.93
5990615,9,1,2994.93
3548320,16,1,5588.31
3962729,69,1,4158.96
3105756,58,1,3963.34
4932716,63,1,1924.0
5922915,17,1,5507.74
6322733,6,1,2091.36
6479507,2,1,3722.25
1289862,39,1,5562.93
1982827,26,1,3247.84
1323255,45,1,5053.43
6948000,20,1,3999.0
7192828,18,1,4452.0
6706549,43,1,3354.15
4259315,68,1,4278.93
1640973,47,1,4300.32
3222729,39,1,5199.0
2805989,34,1,6161.51
1613911,17,1,5613.65
5834860,59,1,4924.75
7361958,61,1,4450.94
4347837,64,1,3816.0
5931940,33,1,5170.56
7204390,20,1,4238.94
3828848,63,1,1961.0
3816325,41,1,4599.93
1978830,65,1,4708.0
6032876,17,1,5613.65
3272208,29,1,4026.94
2859034,69,1,4238.94
2619484,61,1,4471.94
1491482,58,1,3982.04
5584011,27,1,4502.81
5896090,17,1,5592.47
6245620,44,1,6650.8
2354943,11,1,4982.0
4193343,46,1,5375.99
4569994,40,1,4450.94
4053800,48,1,5375.99
1570448,42,1,5237.5
6933490,21,1,6175.94
2037976,40,1,4503.43
3002323,31,1,4665.72
5602553,58,1,3888.56
3513653,23,1,4574.96
6698819,39,1,5430.36
2145145,58,1,4000.73
6214371,63,1,1937.88
2781167,7,1,4579.49
4233244,48,1,5375.99
2417445,49,1,5006.53
3577653,1,1,6223.45
3179422,3,1,5897.68
3191867,1,1,5899.0
5929442,31,1,4647.92
1549154,17,1,5632.19
6874724,27,1,4502.81
5214409,11,1,4888.0
3558480,63,1,1937.88
3971066,28,1,4177.99
5050800,15,1,8161.99
6772820,12,1,5816.25
5635327,14,1,8480.0
3660078,44,1,6753.12
6939164,27,1,4433.05
2303238,39,1,5536.94
1437834,25,1,5036.05
4981393,60,1,4238.94
5381339,66,1,3545.16
4058329,22,1,7842.94
2588704,9,1,2799.0
1202735,25,1,5036.05
5407784,45,1,4745.0
2940684,50,1,5876.46
1327986,39,1,5510.94
7033371,66,1,3534.96
5767252,12,1,5720.0
6674878,56,1,4764.03
3421210,20,1,4238.94
1716681,64,1,3834.0
1855891,27,1,4496.47
4217666,66,1,3645.43
6284721,46,1,5765.75
3573100,15,1,8161.99
5057351,53,1,7981.77
4895081,27,1,4433.05
5719032,38,1,4399.0
6168208,37,1,3129.36
1807430,1,1,5899.0
2825342,16,1,5482.87
1189582,64,1,3807.0
5942657,27,1,4227.99
5460377,5,1,3689.85
1604333,63,1,1961.0
1734546,10,1,5404.94
3012192,39,1,5556.43
7066266,21,1,6048.36
1863924,22,1,7935.43
3336106,40,1,4440.44
3894500,65,1,4664.0
6777399,21,1,6030.96
2050261,15,1,8161.99
7133246,17,1,5679.85
5444018,23,1,4706.93
4354201,27,1,4433.05
6317247,41,1,4470.96
1266062,15,1,8065.74
6220126,40,1,4379.56
3463905,46,1,5685.11
3982642,21,1,6117.95
2557474,21,1,6132.44
4228012,54,1,5925.09
4545377,2,1,3753.75
3879768,56,1,4504.99
3911168,41,1,4571.99
2570747,69,1,4278.93
6053931,43,1,3326.96
5085733,59,1,4645.99
3304984,18,1,4399.5
6224151,66,1,3602.94
6083605,47,1,4260.13
6102211,36,1,3614.33
4858423,6,1,1949.99
3327590,42,1,5362.5
1546578,50,1,5946.59
6255329,60,1,3999.0
4858116,47,1,4179.75
1504612,7,1,4540.79
5490547,41,1,4539.74
4730256,11,1,4700.0
1433063,25,1,5036.05
5948403,23,1,4662.94
3731617,53,1,8019.6
5624135,58,1,3739.0
2358837,63,1,1850.0
6917171,32,1,4746.45
5999014,55,1,3401.62
5800607,35,1,3999.0
6539540,56,1,4752.76
6888342,38,1,4678.34
2011500,3,1,5499.0
5279703,56,1,4831.6
6762144,27,1,4416.14
2478202,49,1,4936.35
5662865,56,1,4831.6
4350859,68,1,3999.0
3397677,2,1,3722.25
4777486,35,1,4176.96
2722262,1,1,6304.56
4268614,28,1,4253.99
6608242,4,1,4018.48
6373242,47,1,4179.75
1142497,37,1,3129.36
1977105,46,1,5698.55
4719489,5,1,3630.67
7263946,8,1,6794.27
4591743,46,1,5698.55
3985028,63,1,1961.0
4417463,38,1,4684.94
1607489,4,1,3808.99
2972708,32,1,4717.2
1926459,7,1,4611.74
6814817,24,1,7805.95
3210508,15,1,8238.99
2126409,50,1,5859.63
4093873,59,1,4941.01
2795705,12,1,5857.5
6160385,28,1,4239.99
4395839,54,1,5995.79
1394808,26,1,3232.52
1351696,65,1,4576.0
4688902,60,1,4238.94
6722450,51,1,3848.5
1374948,16,1,5641.03
7081654,61,1,4471.94
4157780,51,1,3673.99
3169204,58,1,3739.0
4917544,41,1,4556.94
5654555,42,1,5200.0
5760066,59,1,4831.83
5228079,9,1,2966.94
1398693,43,1,3390.94
1251089,14,1,8480.0
5412548,30,1,4556.63
4797773,41,1,4470.96
2758833,1,1,6161.51
1793724,58,1,4010.08
5495411,10,1,5379.45
2123126,12,1,5830.0
1948942,50,1,5609.99
6367520,35,1,4188.95
5052492,37,1,3129.36
6831837,31,1,4761.39
5112049,34,1,5899.0
4108106,53,1,8019.6
6295600,5,1,3620.23
4344290,43,1,3406.94
6634138,36,1,3572.2
3972539,5,1,3675.93
3328214,43,1,3326.96
2687427,12,1,5898.75
1274675,64,1,3754.8
4972028,3,1,5735.46
3929267,56,1,4775.29
6293650,35,1,4273.93
1123927,14,1,8320.0
1946336,22,1,7399.0
5984235,65,1,4664.0
5111840,26,1,3200.35
5436440,49,1,4976.12
6812194,33,1,5049.19
2900403,38,1,4651.94
3320199,68,1,4238.94
1938477,42,1,5343.75
5393977,53,1,7565.66
5461622,42,1,5362.5
3472217,24,1,7399.0
3201868,36,1,3504.8
6835324,55,1,3429.7
2040966,47,1,4280.22
1436374,1,1,6134.96
1592574,40,1,4450.94
4888315,61,1,4429.95
2189381,18,1,4473.0
1526853,65,1,4664.0
3756589,38,1,4399.0
3888237,5,1,3707.25
4618479,27,1,4481.67
3645184,2,1,3500.0
5291940,54,1,5995.79
1931021,66,1,3563.85
6725243,41,1,4535.45
1159454,42,1,5325.0
1370324,49,1,4901.25
1781908,63,1,1970.25
5863781,20,1,4238.94
3811391,49,1,4983.14
3126089,34,1,6179.2
5010812,66,1,3560.45
6440680,60,1,4278.93
4874205,39,1,5406.96
3413856,52,1,2784.15
6762833,41,1,4483.86
5109957,67,1,4060.18
6708644,42,1,5000.0
6162208,48,1,5375.99
6253991,34,1,5899.0
7211010,19,1,4456.13
5694034,15,1,8161.99
6048550,50,1,5609.99
5793076,46,1,5375.99
5160033,40,1,4492.93
2092653,34,1,5899.0
1222302,44,1,6395.0
4441591,12,1,5857.5
1476898,58,1,3948.38
2075449,13,1,6148.0
3535748,33,1,5170.56
3019847,41,1,4546.19
4519159,26,1,3263.16
1386475,31,1,4641.25
4129966,26,1,3278.48
1184975,31,1,4705.77
2962843,3,1,5848.19
3783492,44,1,6746.73
3615980,40,1,4199.0
3035849,69,1,4192.95
2357502,57,1,2330.94
1819278,30,1,4626.23
4886772,25,1,5059.8
7121548,19,1,4420.0
5001950,30,1,4537.05
6644576,6,1,2066.99
1699280,68,1,4158.96
2692295,45,1,5029.7
1749228,49,1,4959.74
7045580,7,1,4557.99
2423384,31,1,4732.47
5969548,34,1,6229.34
3589336,4,1,4037.53
6414515,67,1,3968.06
6684566,2,1,3640.0
5388332,4,1,4037.53
6518320,63,1,1961.0
3220241,7,1,4471.99
5408126,35,1,3999.0
4745678,35,1,4158.96
5992796,52,1,2784.15
7259343,25,1,4981.41
1248651,66,1,3534.96
2289755,3,1,5718.96
1759502,12,1,5500.0
4139756,25,1,4981.41
6218108,55,1,3401.62
6455351,56,1,4698.7
5924114,5,1,3724.66
3462024,39,1,5490.14
1671573,44,1,6650.8
2082559,34,1,6134.96
7351062,33,1,5049.19
5595421,17,1,5613.65
2804923,1,1,6252.94
7146661,25,1,5059.8
4579929,62,1,6637.29
2987599,8,1,6868.79
5372679,61,1,4440.44
6888870,30,1,4589.25
6749345,27,1,4409.79
2393625,29,1,4026.94
3613450,69,1,4228.94
6915316,60,1,4288.93
2554655,58,1,3963.34
4963731,42,1,5300.0
5832746,17,1,5587.17
6856530,37,1,3189.54
7343359,11,1,4909.15
4824686,19,1,4483.75
7261416,59,1,4831.83
3058727,43,1,3326.96
2489233,51,1,3673.99
5444597,31,1,4716.89
1642917,23,1,4662.94
2381158,58,1,4000.73
6114801,32,1,4699.21
5194097,39,1,5510.94
1996455,34,1,6134.96
5694230,35,1,4258.94
2089329,64,1,3760.2
4541176,64,1,3816.0
4271838,3,1,5499.0
1838849,11,1,5029.0
3556474,21,1,6117.95
2691622,44,1,6705.16
3669890,50,1,6016.71
5967663,28,1,4193.99
3006134,64,1,3834.0
3242409,14,1,8000.0
6796000,55,1,3393.6
6241154,69,1,4288.93
2227342,24,1,7879.94
5148735,32,1,4678.96
2373502,17,1,5295.9
6490172,8,1,6925.49
2610037,11,1,4927.95
1173190,17,1,5613.65
4298187,24,1,7694.96
6316949,33,1,5071.04
1371258,36,1,3605.9
5599657,1,1,6252.94
3602017,35,1,3999.0
2033150,9,1,2799.0
2083561,17,1,5507.74
5548478,69,1,4170.96
1252813,37,1,3204.59
5573567,43,1,3199.0
7212565,60,1,4238.94
1903089,5,1,3689.85
1594454,62,1,6693.46
4289070,27,1,4481.67
3083750,15,1,8031.09
4895049,35,1,4238.94
5239723,13,1,6177.0
2797887,14,1,8320.0
6489426,60,1,4252.94
1908130,6,1,1949.99
4500350,52,1,2823.73
4539812,26,1,3247.84
1270048,66,1,3585.95
5270103,21,1,6197.68
5144802,23,1,4588.16
3719687,64,1,3744.0
6684479,11,1,4902.1
3586980,31,1,4449.9
1441785,54,1,5967.51
1585272,38,1,4399.0
5242218,61,1,4366.96
1674559,29,1,3799.0
2974348,11,1,5040.75
3319096,9,1,3001.93
2441718,11,1,4982.0
3013798,4,1,3961.35
6907666,26,1,3212.6
4489967,69,1,4218.95
2776195,21,1,6030.96
6904641,3,1,5718.96
6957454,66,1,3594.44
4438686,63,1,1850.0
6420711,65,1,4595.8
6068805,42,1,5300.0
5709067,25,1,5036.05
2092629,40,1,4440.44
2805274,30,1,4611.0
5042491,24,1,7916.93
4054523,54,1,5656.41
4471199,33,1,5206.98
4645278,58,1,3739.0
6581416,46,1,5745.59
4213716,34,1,6282.44
3414490,41,1,4470.96
3245349,31,1,4627.9
1488611,67,1,3950.96
2253672,26,1,3274.65
3546914,34,1,6152.66
2026059,23,1,4701.43
4846904,50,1,5918.54
2139823,66,1,3585.95
3719367,12,1,5720.0
3709117,16,1,5506.59
5007136,10,1,5341.2
2049527,43,1,3390.94
6651310,36,1,3533.45
6666642,15,1,8258.24
7371725,9,1,2966.94
2251687,60,1,4258.94
2947979,4,1,4070.86
