ord_id,ord_date,tax_id
5920416,8/8/2018,1
4825298,3/28/2017,2
7009183,10/14/2010,3
5186311,5/12/2001,4
4274782,3/19/2002,5
2579402,11/10/2012,6
5974882,7/7/2000,7
6080581,5/22/2003,8
6507619,2/25/2010,9
6921547,2/26/2012,10
6707258,7/3/2008,11
5068100,6/30/2005,12
2523554,3/5/2002,14
2553970,5/22/2002,15
5892769,9/6/2009,16
3904450,4/12/2015,18
4160529,10/8/2007,19
5140837,9/29/2003,20
2715724,9/5/2013,21
2436329,2/24/2001,22
6808759,10/23/2012,23
4066723,3/28/2019,24
7151327,11/27/2013,25
1912588,12/18/2010,26
6033460,9/16/2001,27
1449568,2/25/2019,28
6144261,3/12/2002,29
5155394,4/25/2011,30
4595626,6/19/2003,17
1895617,11/7/2003,31
4429906,3/26/2015,13
3417447,10/20/2004,1
4801426,2/16/2000,2
4533036,10/18/2013,3
5440045,4/12/2010,4
6670054,3/2/2014,5
3661656,11/26/2012,6
3846551,3/5/2014,7
4679322,12/26/2000,8
6416425,1/19/2018,9
4234556,7/16/2010,10
5835237,3/27/2004,11
3333624,1/13/2016,12
4305349,10/3/2006,14
4469762,1/9/2008,15
2030531,11/10/2016,16
3252622,2/8/2012,18
6663983,4/27/2007,19
4499806,7/6/2001,20
6072149,5/7/2013,21
6429113,9/29/2005,22
2016400,4/10/2015,23
6831652,10/24/2004,24
3608797,11/13/2008,25
4044365,9/8/2010,26
2900047,7/8/2008,27
1790994,1/2/2003,28
2588796,6/8/2001,29
2781248,3/24/2001,30
3485081,11/15/2014,17
4911975,1/7/2019,31
3829941,4/24/2002,13
3242565,7/19/2007,1
2358239,6/10/2018,2
7112703,11/18/2009,3
1121775,5/4/2009,4
4185159,3/24/2001,5
5438767,8/19/2008,6
1526982,5/1/2002,7
1200543,8/21/2013,8
3357050,3/19/2002,9
6761576,1/5/2003,10
6771690,12/7/2010,11
3695305,7/3/2015,12
4678509,10/12/2015,14
1911288,12/16/2014,15
4026926,6/24/2009,16
5697518,2/5/2005,18
1930308,9/19/2004,19
1396544,8/14/2000,20
4218977,4/23/2015,21
5186226,2/13/2012,22
2208177,11/16/2008,23
5788991,5/2/2009,24
5105818,10/12/2000,25
4101226,9/13/2013,26
7026832,3/19/2015,27
5547985,11/19/2007,28
4157138,7/8/2004,29
1683121,7/15/2008,30
3031547,6/8/2013,17
1546460,8/1/2003,31
5907405,12/1/2017,13
5037369,6/11/2018,1
5731787,1/30/2015,2
3753313,10/9/2002,3
6974353,3/30/2009,4
3163903,5/4/2019,5
4468374,8/3/2013,6
6960628,10/23/2018,7
4054195,1/25/2002,8
3937927,2/8/2017,9
4253506,1/18/2012,10
3307281,8/24/2015,11
7158744,12/9/2009,12
6585838,3/9/2010,14
5613754,7/28/2012,15
5673381,12/5/2012,16
2286687,4/11/2001,18
4144055,3/6/2017,19
1504635,7/13/2002,20
2015487,10/2/2009,21
3220422,1/4/2004,22
5767028,6/16/2006,23
6711968,5/2/2019,24
3220438,12/4/2017,25
5119112,7/13/2016,26
3224260,7/25/2017,27
5424989,11/2/2001,28
4495063,5/1/2013,29
7194654,4/28/2008,30
5065896,6/6/2009,17
3624763,4/3/2006,31
3898397,5/6/2019,13
7187392,3/2/2008,1
3364980,9/7/2005,2
3178673,5/20/2006,3
4521021,2/26/2007,4
3749511,4/4/2013,5
1539389,7/21/2017,6
6305708,12/19/2013,7
6293114,12/10/2011,8
4984659,7/24/2017,9
7197660,6/24/2017,10
6691527,5/26/2014,11
5305378,6/1/2000,12
2555565,2/14/2012,14
4509368,12/14/2007,15
2356703,9/19/2004,16
5242761,6/6/2010,18
4080696,8/20/2017,19
3570845,4/6/2011,20
4389481,6/14/2007,21
2717299,12/21/2019,22
6953949,2/15/2013,23
2748922,11/21/2014,24
1409838,7/25/2005,25
4882154,12/27/2007,26
1499647,9/27/2016,27
5775992,7/20/2007,28
3456435,8/12/2010,29
5484681,6/29/2010,30
6727420,1/21/2011,17
4711571,5/21/2001,31
3555795,9/15/2002,13
5687001,9/16/2011,1
1985674,7/26/2018,2
5994079,1/7/2016,3
5087861,11/15/2007,4
6077808,3/25/2010,5
6241665,1/22/2009,6
5677372,8/3/2012,7
3695577,4/7/2018,8
6047294,6/16/2014,9
3236261,10/26/2001,10
5868564,10/3/2017,11
6500666,7/24/2003,12
5255967,4/5/2006,14
4924882,6/6/2018,15
1791485,2/11/2011,16
6894826,2/13/2015,18
3986347,11/28/2003,19
3560653,1/11/2011,20
3326659,4/27/2015,21
3779453,6/30/2004,22
7311476,5/20/2012,23
2177932,1/19/2016,24
5086249,3/17/2009,25
4205221,2/22/2006,26
1455991,5/25/2005,27
3193964,6/2/2007,28
6464145,4/7/2015,29
5321869,11/12/2002,30
5236088,6/3/2015,17
3681241,5/8/2004,31
4471131,8/9/2012,13
1929235,8/5/2001,1
1694460,7/11/2019,2
6562501,9/12/2018,3
3303963,3/25/2000,4
6755650,2/1/2018,5
5649473,9/21/2017,6
2629583,8/23/2008,7
1458147,7/25/2006,8
5168047,3/17/2003,9
5651788,7/26/2000,10
2694750,5/10/2009,11
5861427,11/27/2007,12
6556364,9/23/2017,14
2293928,10/18/2001,15
3272347,2/11/2005,16
5851299,3/6/2012,18
2845076,8/27/2004,19
5548388,4/8/2013,20
4409334,5/5/2019,21
5374410,11/10/2006,22
3293788,8/31/2014,23
3298471,2/3/2011,24
6920344,1/19/2017,25
2933338,3/30/2002,26
2679922,1/8/2011,27
3872219,3/26/2003,28
2344343,3/9/2019,29
5417203,10/14/2015,30
6801456,11/8/2008,17
6976313,10/7/2006,31
3353836,6/17/2006,13
6960040,1/20/2013,1
2140430,8/11/2012,2
4470702,1/25/2007,3
4549779,7/21/2006,4
1724480,2/17/2018,5
5385043,11/4/2016,6
7372789,11/24/2000,7
2542761,8/20/2017,8
2796751,10/13/2016,9
1558876,5/20/2009,10
1951466,9/19/2003,11
4706940,9/14/2003,12
6706254,9/16/2014,14
4814298,12/14/2009,15
2618832,7/15/2007,16
5393236,11/24/2000,18
4827815,10/22/2003,19
7083064,2/18/2008,20
1955676,1/18/2007,21
7304261,11/2/2005,22
1620794,12/14/2001,23
4344423,12/17/2003,24
4366976,6/18/2018,25
2069011,6/1/2000,26
5968744,3/29/2009,27
6727185,2/18/2004,28
3984108,4/17/2017,29
3775746,11/5/2019,30
3444796,5/5/2004,17
7276203,3/31/2007,31
2107831,8/12/2019,13
4460714,8/14/2017,1
4206987,5/4/2016,2
1332784,4/27/2015,3
4205785,6/22/2014,4
7293392,7/1/2005,5
2678429,6/30/2011,6
3758613,8/30/2004,7
5780157,12/11/2015,8
7186133,8/21/2014,9
4083483,3/20/2003,10
5040689,12/8/2017,11
6419973,11/29/2017,12
3983170,6/28/2007,14
3320884,4/20/2007,15
6201595,10/7/2006,16
3951017,4/9/2018,18
4195011,7/14/2004,19
5046694,7/13/2010,20
2340380,1/30/2014,21
1450563,1/4/2003,22
2357460,3/14/2007,23
4433548,5/17/2015,24
3316575,8/5/2001,25
1229905,7/22/2004,26
6873054,6/10/2017,27
6563406,2/15/2007,28
6106329,1/13/2006,29
3513797,4/16/2001,30
7231583,3/28/2008,17
4464272,10/7/2001,31
4606107,5/21/2014,13
2986403,6/21/2003,1
4690371,9/30/2005,2
2804411,10/15/2015,3
2099915,6/5/2002,4
4332112,10/18/2009,5
1588017,7/1/2005,6
3670818,12/18/2014,7
3094136,11/10/2011,8
6803424,7/29/2006,9
2640087,3/25/2014,10
4860434,4/16/2016,11
5207861,9/30/2016,12
2581918,4/17/2004,14
6323365,4/10/2015,15
2017288,5/29/2011,16
5635476,12/11/2019,18
5116839,3/14/2000,19
5732609,9/23/2002,20
2993361,10/18/2005,21
6860822,2/16/2002,22
4988395,11/2/2013,23
1241453,4/5/2002,24
1214458,4/30/2017,25
1961324,8/14/2006,26
2990263,6/23/2002,27
3217085,9/5/2008,28
3452320,6/15/2000,29
3706310,9/6/2011,30
2640611,3/23/2000,17
2508319,8/28/2018,31
4302319,1/8/2009,13
6327203,7/8/2010,1
2435589,12/16/2019,2
1483401,6/29/2005,3
4993488,11/10/2001,4
4242714,5/3/2010,5
1219885,10/15/2007,6
6995480,10/4/2015,7
4995431,1/30/2019,8
1792270,3/17/2000,9
7116337,3/26/2000,10
4782718,2/22/2007,11
5622284,9/22/2018,12
5403544,10/8/2011,14
3807617,12/13/2011,15
7357453,6/5/2001,16
1137418,7/9/2000,18
4688382,11/8/2019,19
2627387,7/25/2003,20
3085105,1/23/2017,21
2110096,3/8/2006,22
6720608,6/23/2015,23
3699593,4/29/2003,24
1999344,3/13/2008,25
4488444,7/16/2000,26
4877732,10/9/2017,27
3534753,2/3/2019,28
2167687,11/16/2005,29
7181850,1/30/2016,30
1447470,9/20/2015,17
7194135,8/13/2006,31
5467093,2/1/2009,13
3607532,2/26/2008,1
1208823,12/12/2015,2
6984363,5/30/2015,3
2974760,4/24/2018,4
1378848,1/30/2011,5
2900365,8/24/2015,6
1527511,3/5/2018,7
1515362,12/22/2006,8
7047531,6/11/2013,9
6275886,10/11/2017,10
7322972,5/5/2011,11
3670757,4/6/2009,12
5777065,3/1/2016,14
5286397,1/28/2012,15
3717120,12/12/2013,16
2614702,8/21/2002,18
3114937,1/7/2014,19
5444450,4/5/2008,20
5249948,4/12/2018,21
3374321,6/7/2016,22
3143426,9/26/2008,23
2201303,6/26/2005,24
2501172,10/12/2007,25
1951944,1/5/2016,26
3087147,6/20/2012,27
2560752,11/22/2019,28
2867041,9/1/2015,29
7138865,11/16/2002,30
2419990,8/19/2004,17
2160272,5/2/2018,31
7366371,3/28/2009,13
3942790,2/28/2002,1
5669236,10/26/2006,2
3400275,4/14/2011,3
4908463,4/28/2013,4
6405254,9/14/2013,5
5067394,10/21/2012,6
4646893,3/18/2014,7
2527834,7/26/2006,8
4514309,6/5/2006,9
1600017,6/13/2003,10
2760984,10/10/2019,11
4273498,11/5/2017,12
6535212,11/18/2009,14
5642393,10/22/2019,15
1170910,2/21/2006,16
1908873,2/17/2012,18
2019488,8/30/2009,19
5164194,12/12/2003,20
6439301,9/25/2010,21
5684377,11/27/2014,22
6612087,9/10/2011,23
1127847,2/24/2010,24
6254064,7/23/2013,25
3524099,7/27/2016,26
3671625,6/8/2019,27
2587112,4/27/2011,28
2195257,9/20/2005,29
5083172,10/22/2007,30
2443041,11/4/2010,17
2379845,7/26/2000,31
1355067,2/14/2014,13
3111726,12/3/2019,1
3850921,3/1/2001,2
4854266,6/4/2006,3
1287086,12/29/2010,4
1317030,10/28/2006,5
2791283,3/25/2000,6
5802219,4/12/2004,7
6142787,6/16/2008,8
5160458,7/23/2016,9
3891025,2/17/2006,10
6101377,1/6/2003,11
4003357,3/27/2005,12
5541384,11/25/2007,14
4683433,11/17/2016,15
1306701,8/8/2008,16
4921354,11/3/2002,18
1418249,2/16/2003,19
4138369,12/14/2000,20
2666783,7/20/2007,21
3877491,11/5/2008,22
6529601,7/5/2006,23
1391031,3/9/2002,24
6298171,6/29/2010,25
6777923,5/1/2008,26
3525004,4/1/2001,27
7227128,11/4/2019,28
4751917,4/9/2008,29
5284478,8/2/2017,30
4077683,12/19/2011,17
1517524,6/27/2013,31
5036956,4/16/2005,13
6127946,8/28/2010,1
4398774,8/27/2015,2
6411985,10/13/2002,3
4905979,2/19/2007,4
1932274,11/21/2011,5
3896243,10/15/2003,6
2612228,4/12/2018,7
4650540,9/8/2006,8
1430404,12/21/2009,9
7180420,12/20/2007,10
5994372,11/28/2002,11
4332918,8/12/2008,12
7107645,8/4/2013,14
1895438,8/7/2010,15
1977607,8/21/2007,16
3956821,12/15/2016,18
5807130,9/6/2006,19
2764320,5/7/2019,20
1719757,11/5/2004,21
5075879,5/5/2001,22
6965544,4/1/2015,23
5909252,9/6/2001,24
5823800,12/7/2017,25
2717370,10/7/2010,26
6923896,10/11/2000,27
3263076,5/10/2013,28
5047031,11/18/2012,29
6651903,10/1/2011,30
7285715,3/9/2008,17
2615397,2/8/2018,31
3833965,3/25/2007,13
5758532,4/7/2017,1
5174013,10/19/2001,2
3373348,11/24/2002,3
3303969,2/15/2011,4
5838540,9/26/2002,5
5001562,7/3/2006,6
3860793,4/15/2010,7
6462098,8/13/2006,8
5054748,10/4/2015,9
5301170,10/5/2001,10
2685159,4/3/2019,11
4599427,3/31/2017,12
3190336,2/15/2018,14
7189300,7/16/2001,15
1306218,10/29/2005,16
4874959,2/18/2007,18
4772820,7/25/2013,19
6181221,6/13/2001,20
1633362,3/9/2008,21
3048140,11/18/2000,22
4560641,2/6/2009,23
2171184,4/30/2011,24
6948436,6/3/2015,25
3827045,7/17/2017,26
3852824,7/25/2014,27
6305902,12/20/2007,28
4783093,10/8/2007,29
6595312,9/10/2008,30
6998022,1/4/2015,17
3783660,5/3/2002,31
2230820,3/18/2012,13
2051970,7/28/2005,30
3032913,8/6/2004,17
2972077,3/6/2011,31
5418332,10/30/2012,13
3501159,7/28/2004,1
5993683,3/17/2013,2
6502106,11/3/2008,3
7149141,11/18/2011,4
2965867,7/15/2005,5
6944794,8/26/2000,6
2360831,6/23/2011,7
2483119,9/20/2004,8
5019378,12/17/2013,9
2547748,8/7/2009,10
4139607,3/2/2008,11
1502443,5/20/2001,12
1794627,12/29/2008,14
4706870,7/27/2013,15
4601068,9/15/2012,16
1434425,10/30/2012,18
2300238,7/4/2006,19
6452776,7/22/2017,20
2653183,10/6/2019,21
4437977,11/7/2019,22
3948580,11/28/2005,23
4804348,4/16/2003,24
4733459,3/21/2019,25
2834231,3/2/2004,26
3662470,9/6/2009,27
3417805,5/31/2002,28
7278491,3/25/2003,29
2088606,4/10/2006,30
7249938,1/12/2002,17
2411963,7/6/2016,31
3759584,8/1/2011,13
2985847,4/5/2011,1
6680852,2/10/2019,2
7218998,3/19/2001,3
5067513,12/2/2005,4
7046967,1/1/2009,5
6107890,1/7/2011,6
4536285,4/8/2003,7
4461691,9/8/2007,8
3786709,9/17/2014,9
5803492,4/26/2010,10
5279007,6/4/2004,11
4352288,4/6/2018,12
3485404,12/10/2010,14
4862907,6/30/2016,15
2657733,4/20/2013,16
6261926,1/14/2011,18
5866376,7/4/2012,19
3257154,12/10/2011,20
6842420,4/9/2018,21
2324966,11/14/2000,22
1673044,10/23/2017,23
4939400,7/26/2004,24
4826066,9/25/2002,25
2474373,7/22/2015,26
1723641,3/19/2013,27
3074405,1/11/2017,28
2309937,7/5/2005,29
1603961,10/29/2009,30
4028110,12/4/2006,17
6819487,10/9/2003,31
2845988,2/17/2001,13
3242663,8/29/2013,1
4808218,11/4/2012,2
4477362,7/7/2006,3
4207539,8/3/2000,4
2528663,6/4/2003,5
7369485,8/30/2012,6
3600012,2/20/2018,7
7051823,2/25/2013,8
2308440,6/1/2000,9
1902014,8/27/2015,10
4619675,1/14/2005,11
1991765,5/31/2010,12
2536755,1/30/2017,14
7370311,1/9/2015,15
6181270,12/17/2012,16
7109598,1/14/2006,18
5042723,3/29/2002,19
6008236,7/18/2016,20
1247344,3/3/2018,21
2846767,4/6/2019,22
6080536,6/14/2009,23
5497244,4/28/2006,24
1377832,1/13/2017,25
2906644,6/14/2010,26
6779542,10/27/2007,27
4110943,1/24/2004,28
5496005,11/24/2001,29
6582906,8/25/2013,30
3737347,1/20/2006,17
5128375,3/28/2002,31
6715769,4/17/2009,13
7072545,11/14/2005,1
4581022,11/3/2014,2
3728778,6/27/2014,3
1343556,5/15/2011,4
4441967,9/19/2012,5
2129769,1/5/2010,6
2341412,5/19/2016,7
7322569,5/13/2009,8
7065905,12/30/2014,9
7311961,7/7/2000,10
1694517,9/12/2006,11
2398667,11/15/2019,12
5199095,1/21/2005,14
7332327,3/7/2003,15
3365087,4/20/2012,16
5872629,9/1/2014,18
3266665,5/9/2011,19
2831374,4/7/2012,20
1146371,10/8/2017,21
6120639,10/9/2008,22
7145124,8/15/2006,23
7332566,6/15/2010,24
3750614,6/20/2003,25
4476887,3/16/2001,26
3674532,9/8/2000,27
2270326,10/26/2015,28
6990345,12/13/2019,29
1544577,3/20/2010,30
1869910,3/29/2013,17
3503462,1/26/2001,31
5004518,7/25/2010,13
2452987,5/28/2006,1
2325001,5/8/2000,2
5676049,4/19/2012,3
2925649,9/17/2000,4
7099776,3/8/2006,5
1205837,12/1/2003,6
5117750,9/17/2000,7
6735437,4/28/2015,8
3907399,12/6/2001,9
3444992,1/24/2012,10
1206359,2/3/2004,11
5454867,11/15/2007,12
2774446,12/19/2007,14
7265969,8/4/2011,15
4463150,11/4/2013,16
3577440,10/14/2017,18
2533036,6/20/2011,19
3953637,2/2/2012,20
6946114,11/1/2013,21
2784505,5/11/2000,22
3763197,6/15/2009,23
7349340,7/18/2019,24
1971410,7/7/2007,25
6271213,10/3/2009,26
2066470,2/20/2003,27
5026658,12/8/2007,28
2640390,7/13/2013,29
3810252,5/20/2001,30
2358499,11/1/2015,17
4610926,5/7/2008,31
5884847,9/14/2010,13
5644109,1/15/2012,1
6153273,10/3/2017,2
4952286,6/24/2012,3
1252070,4/12/2016,4
3072196,4/13/2017,5
3992337,10/29/2008,6
5415527,7/6/2018,7
2630071,6/21/2014,8
3869814,7/22/2006,9
5783792,4/8/2005,10
6960612,11/20/2003,11
4937479,3/15/2002,12
4065119,3/20/2010,14
6085831,11/6/2017,15
4414431,1/28/2002,16
3864544,6/29/2012,18
6285551,8/23/2016,19
6063602,2/6/2008,20
6356161,2/6/2004,21
5373267,11/17/2003,22
1273816,1/15/2008,23
1994185,2/13/2000,24
6803004,11/10/2005,25
3828345,4/21/2015,26
5136786,9/13/2011,27
2532806,7/26/2000,28
7219644,4/18/2008,29
4661003,4/21/2015,30
2237269,12/25/2002,17
1218048,7/5/2000,31
5448154,1/20/2017,13
2419545,10/30/2012,30
4531520,5/9/2006,17
2626295,12/20/2007,31
4542285,12/24/2012,13
4214996,5/6/2005,1
3712934,3/10/2012,2
3524585,9/28/2009,3
1361232,12/2/2017,4
4317568,1/19/2013,5
1819286,2/29/2000,6
5851780,10/5/2000,7
5735100,10/2/2001,8
4753063,4/24/2003,9
7376150,1/20/2019,10
2361698,8/17/2015,11
6837701,3/14/2011,12
4132573,12/29/2015,14
1849078,12/17/2002,15
6365275,5/25/2001,16
4130135,10/1/2002,18
2217655,2/22/2002,19
7091336,7/20/2001,20
3762348,7/18/2010,21
4015460,6/9/2019,22
7223848,7/13/2018,23
6810609,5/5/2019,24
1588061,9/16/2000,25
3015647,3/17/2019,26
5424969,12/24/2018,27
6170271,8/4/2005,28
2747613,3/7/2019,29
1432373,4/12/2005,30
4449585,4/12/2019,17
1301608,2/3/2007,31
1636048,6/27/2016,13
2026761,1/20/2011,1
3801334,7/1/2014,2
6485851,9/25/2016,3
6184589,4/8/2003,4
1957780,5/14/2010,5
1529016,8/30/2009,6
3280171,9/9/2006,7
1448917,11/15/2019,8
7008254,12/24/2009,9
2382046,11/2/2019,10
5833265,11/7/2003,11
2421693,11/19/2000,12
7291719,12/4/2003,14
5817976,2/17/2017,15
2592405,12/28/2009,16
2052365,5/10/2019,18
7335283,5/8/2007,19
6233251,4/4/2015,20
6223785,12/15/2016,21
3767062,4/5/2015,22
4786798,7/3/2013,23
3363951,12/23/2014,24
6466943,3/30/2016,25
6537135,11/13/2007,26
6712478,11/8/2008,27
6193643,5/25/2015,28
4176165,8/26/2017,29
7147695,8/4/2006,30
4340138,9/29/2015,17
4782325,10/28/2008,31
4791962,3/5/2004,13
4839789,11/22/2005,1
2049307,11/6/2000,2
6111801,5/30/2008,3
5231753,6/14/2017,4
6762258,9/21/2016,5
5685871,3/29/2012,6
6277044,2/18/2000,7
5172140,12/16/2012,8
2842481,10/14/2000,9
3335994,7/10/2018,10
1477139,10/13/2000,11
5334387,7/18/2017,12
6478352,11/17/2012,14
1462501,10/16/2005,15
3459711,2/26/2005,16
5803731,6/30/2006,18
7146033,3/27/2014,19
6943449,2/23/2014,20
6791296,6/5/2007,21
2149868,8/19/2006,22
2686012,2/21/2017,23
7187578,12/6/2013,24
6751436,12/31/2012,25
6605087,6/26/2010,26
4578037,11/5/2014,27
2674197,1/19/2006,28
5292229,10/23/2002,29
4160912,7/27/2009,30
1926527,5/27/2006,17
2214446,6/18/2014,31
6091007,12/1/2007,13
4607594,5/30/2009,1
5402187,7/5/2001,2
4176801,3/23/2016,3
3938629,4/14/2018,4
2055683,3/13/2010,5
4207952,11/6/2005,6
3672680,5/12/2001,7
6538834,4/24/2001,8
4043884,11/15/2018,9
7048304,8/1/2007,10
3446980,7/27/2001,11
4251083,3/26/2010,12
1599106,6/19/2019,14
4437498,5/27/2013,15
4294654,3/16/2002,16
5039118,1/18/2011,18
3820920,8/4/2011,19
6427555,12/14/2015,20
4574012,9/27/2014,21
2113844,3/28/2015,22
5272209,3/23/2000,23
3291924,12/29/2018,24
5246931,5/25/2012,25
3634245,2/19/2012,26
2240360,9/26/2015,27
6675691,1/14/2000,28
2022811,12/12/2016,29
4488404,3/12/2014,30
6964456,7/25/2018,17
3983273,2/20/2008,31
2709440,3/1/2001,13
7225076,8/5/2001,1
3026232,9/21/2001,2
4208799,3/31/2007,3
6158947,5/16/2019,4
6786039,2/22/2016,5
5862218,8/15/2013,6
6192539,7/25/2009,7
6058763,9/30/2001,8
4841909,12/25/2015,9
5514722,11/18/2006,10
5465904,3/23/2018,11
1384208,3/30/2000,12
5524611,8/18/2002,14
1898603,3/27/2014,15
3367016,5/30/2016,16
6675832,9/13/2011,18
6713954,12/6/2012,19
3519090,2/25/2017,20
3043936,5/20/2014,21
4039624,3/16/2006,22
2774572,7/7/2004,23
4101862,2/17/2002,24
4718559,11/19/2008,25
2369958,10/15/2019,26
5276105,5/14/2006,27
3430314,8/22/2000,28
3886172,4/22/2007,29
4889545,12/15/2014,30
3795030,4/4/2004,17
2380664,1/11/2003,31
3440001,2/9/2005,13
4526124,9/4/2010,1
1798847,7/14/2001,2
2032805,1/28/2002,3
4821192,2/26/2002,4
5670932,3/1/2014,5
6848326,8/1/2001,6
7207824,9/22/2015,7
2067116,2/23/2019,8
3764199,9/23/2015,9
6246934,8/8/2005,10
1938085,11/12/2017,11
2571798,1/14/2004,12
6691508,6/30/2000,14
5234755,3/12/2006,15
6842234,6/29/2014,16
2878673,8/28/2007,18
2498103,4/13/2015,19
5472777,7/6/2014,20
2845358,9/24/2016,21
5936000,2/2/2019,22
4493102,1/10/2008,23
6317962,10/17/2012,24
5607547,9/1/2008,25
2676514,5/30/2004,26
6478425,5/22/2006,27
4136230,6/26/2018,28
4409354,7/20/2018,29
2687185,5/23/2012,30
5821289,10/17/2012,17
6556055,2/8/2001,31
2808624,5/14/2009,13
4199323,5/7/2011,30
6412341,8/7/2009,17
3619484,1/12/2003,31
4833388,9/24/2006,13
6679744,2/8/2014,1
5698647,6/4/2017,2
3691747,1/27/2001,3
1172361,1/21/2016,4
5121229,7/23/2007,5
2706561,2/6/2005,6
6935089,3/2/2010,7
2525011,3/7/2000,8
6864350,11/8/2010,9
6130139,1/9/2000,10
5357833,6/13/2003,11
2444320,10/16/2009,12
6866332,1/6/2000,14
1246462,7/25/2007,15
4562000,5/29/2004,16
3442266,11/8/2018,18
1140771,11/8/2014,19
5234282,11/21/2017,20
4832771,6/28/2016,21
4323557,9/18/2012,22
6742978,12/30/2018,23
6949715,12/5/2004,24
5709935,6/18/2003,25
4209890,10/5/2007,26
5431110,12/13/2016,27
4220111,12/10/2002,28
6185199,1/3/2012,29
5787053,3/23/2015,30
6324619,5/6/2017,17
2342338,5/3/2016,31
5818580,7/14/2008,13
2548837,6/18/2019,1
6690885,3/12/2015,2
3611343,5/11/2005,3
2818640,12/10/2013,4
1211280,1/16/2014,5
3179888,9/16/2007,6
2927778,8/9/2016,7
3116201,7/3/2000,8
5895783,7/16/2000,9
6273327,3/9/2013,10
2168680,1/26/2016,11
3720513,12/16/2019,12
5396896,4/20/2018,14
2161283,7/3/2019,15
5037972,5/26/2000,16
7246407,7/7/2011,18
1438554,10/23/2012,19
6383954,9/11/2012,20
2069936,1/2/2017,21
2722756,12/14/2002,22
3018905,4/14/2012,23
5130549,10/7/2009,24
2480700,5/8/2016,25
5731844,4/17/2012,26
3538702,4/10/2006,27
1769703,3/27/2012,28
2244774,1/23/2017,29
1410635,12/30/2015,30
3962687,11/17/2015,17
1229180,10/6/2016,31
3369203,5/12/2011,13
5101538,6/14/2008,1
5123036,6/5/2006,2
4731252,12/9/2004,3
3420309,1/29/2017,4
2485263,2/8/2011,5
6791181,4/8/2014,6
6939168,2/1/2009,7
6854408,3/1/2016,8
1708131,3/25/2003,9
6482725,6/4/2016,10
6831036,6/25/2018,11
1238802,2/11/2003,12
6269714,10/12/2010,14
3279679,2/2/2004,15
6776988,1/17/2019,16
5210057,5/26/2003,18
5633060,5/13/2007,19
6762728,7/15/2004,20
2097092,8/16/2018,21
4834655,7/26/2017,22
5956978,1/24/2014,23
4455545,6/4/2011,24
2745529,6/9/2001,25
2940056,6/24/2015,26
7370149,9/5/2002,27
1541858,10/18/2009,28
1155455,9/9/2011,29
1563057,8/17/2002,30
3496272,5/9/2009,17
6747341,5/13/2001,31
6487177,7/26/2017,13
4657920,3/9/2012,1
5090258,1/11/2010,2
2934862,10/29/2004,3
1636234,6/24/2006,4
4719022,3/15/2008,5
6711357,6/24/2000,6
7265800,5/17/2007,7
6978783,8/9/2003,8
3958770,9/7/2012,9
1438841,4/15/2018,10
1273630,5/24/2014,11
4153767,11/23/2001,12
3110310,1/6/2010,14
3699686,3/6/2001,15
4260411,9/30/2012,16
5892291,11/25/2014,18
4913089,4/22/2005,19
4532837,3/16/2009,20
6015635,10/17/2010,21
6683008,2/25/2011,22
4448635,3/5/2003,23
3613935,1/13/2005,24
3994367,5/13/2016,25
4031996,7/20/2003,26
2028513,1/19/2017,27
6100898,12/6/2011,28
2269632,6/5/2000,29
1733812,11/7/2013,30
7148611,8/3/2016,17
5717859,4/8/2001,31
4906937,4/22/2016,13
6093441,10/17/2005,1
4660320,5/14/2011,2
3983850,12/18/2015,3
1388801,5/5/2014,4
1134407,10/13/2018,5
7098092,12/19/2017,6
5805263,9/18/2007,7
1924372,5/23/2015,8
6723798,12/20/2014,9
7126441,6/25/2016,10
3572324,4/20/2011,11
1612725,9/18/2019,12
5029172,4/9/2019,14
3334993,7/31/2004,15
2997029,1/8/2006,16
1470833,8/25/2018,18
4519696,7/21/2016,19
7146870,11/6/2007,20
4723877,6/19/2014,21
4406961,11/27/2016,22
4999938,7/20/2005,23
4479302,7/17/2014,24
6133719,1/5/2008,25
3161140,11/18/2019,26
4708157,9/29/2016,27
7131384,3/15/2012,28
4923506,2/5/2018,29
6963361,8/12/2001,30
6314526,10/24/2019,17
1472100,2/18/2012,31
1650104,6/15/2004,13
4956473,7/1/2011,1
3523424,4/24/2006,2
1882503,7/6/2008,3
6363803,8/16/2013,4
5542779,10/20/2009,5
1304561,12/10/2010,6
6640295,8/10/2019,7
5699171,5/30/2009,8
5930598,10/29/2012,9
4926179,10/28/2005,10
6027084,9/26/2010,11
2187369,12/4/2004,12
6525498,4/14/2002,14
3899462,1/23/2017,15
4406804,3/6/2008,16
1500489,6/10/2009,18
3909796,11/9/2011,19
3480213,9/29/2008,20
6567656,5/6/2007,21
5923911,1/3/2018,22
1216694,1/19/2015,23
5335195,4/13/2000,24
1551985,2/3/2013,25
3573660,9/18/2009,26
4092344,4/5/2016,27
3662884,2/11/2009,28
1253281,3/7/2016,29
3150922,7/6/2013,30
7093023,6/22/2010,17
5305023,9/29/2000,31
2690647,3/14/2006,13
6547105,7/28/2005,30
1503071,12/26/2010,17
2105212,7/16/2008,31
4713220,12/14/2017,13
2781128,10/20/2013,1
4651685,9/2/2017,2
5504180,2/14/2006,3
1342678,3/2/2003,4
3570977,3/14/2013,5
5185959,1/31/2019,6
7106530,11/10/2000,7
5533191,2/23/2019,8
1570097,5/10/2007,9
2328646,4/28/2004,10
3245169,6/12/2006,11
6981719,1/31/2005,12
2858641,6/26/2013,14
2716051,3/13/2019,15
5528311,1/7/2001,16
5484128,4/27/2009,18
3891860,6/1/2014,19
4400628,9/21/2009,20
5326545,9/30/2010,21
5297671,9/2/2006,22
1455039,2/24/2019,23
4673176,5/19/2015,24
3573989,7/16/2017,25
4807740,10/7/2018,26
4198891,6/13/2013,27
4814969,10/10/2016,28
6381174,12/28/2011,29
6014487,6/16/2011,30
5526016,7/2/2000,17
5408819,3/25/2012,31
7308341,5/15/2014,13
3563869,8/2/2014,1
5833318,6/13/2017,2
2801694,2/10/2008,3
6327006,2/28/2000,4
5247019,3/19/2009,5
3972753,3/9/2011,6
4811446,1/25/2018,7
1906029,7/30/2006,8
4885799,10/1/2011,9
6931090,6/11/2005,10
5705414,1/12/2013,11
1636222,9/12/2004,12
6607676,6/30/2012,14
4019530,11/10/2018,15
2325289,4/1/2012,16
2555784,8/22/2012,18
7150691,2/26/2018,19
3335955,4/2/2015,20
7014320,4/30/2004,21
6764009,6/10/2011,22
3427894,11/10/2002,23
1383811,11/25/2005,24
2528103,2/8/2018,25
2356771,5/23/2010,26
7161762,4/20/2001,27
7066356,1/22/2007,28
5696072,4/11/2008,29
5562839,1/27/2018,30
7084722,10/27/2004,17
6373767,3/1/2005,31
4184682,12/19/2006,13
2992291,12/6/2001,1
4983918,3/24/2006,2
4706253,11/30/2007,3
3271044,11/4/2017,4
2018377,7/12/2018,5
1534284,12/28/2015,6
5978290,8/20/2006,7
3349886,12/23/2011,8
6321524,7/19/2004,9
2147989,11/4/2004,10
1797451,5/29/2018,11
2484916,11/3/2001,12
7186061,5/19/2005,14
7255384,1/27/2013,15
3784718,1/5/2013,16
7156957,10/16/2009,18
4368387,5/4/2000,19
6604948,4/12/2009,20
4443535,7/5/2001,21
3266034,8/28/2011,22
3819699,12/17/2004,23
5962075,10/27/2015,24
6909016,9/13/2009,25
5847656,7/18/2018,26
7011789,4/3/2015,27
2986704,12/5/2011,28
3395514,10/20/2012,29
6702155,9/3/2005,30
6452711,7/5/2016,17
7320941,6/23/2007,31
1511564,7/15/2016,13
1137722,1/5/2005,1
2922434,3/15/2015,2
3740745,4/15/2017,3
4901577,7/25/2017,4
6243253,4/21/2012,5
2970156,10/28/2000,6
2489591,7/10/2019,7
3447923,10/12/2008,8
1348296,12/1/2001,9
2592249,10/19/2011,10
6054222,1/4/2012,11
3935963,8/26/2016,12
6949188,11/20/2004,14
3635772,3/15/2005,15
4393068,10/13/2007,16
2554206,1/20/2011,18
5883659,8/27/2016,19
1265070,1/4/2009,20
5117452,10/13/2016,21
3192604,7/23/2000,22
4949218,4/24/2008,23
1754065,7/6/2005,24
6507323,6/22/2000,25
6467378,7/27/2019,26
2568174,3/20/2013,27
5382036,10/16/2010,28
5691068,3/10/2016,29
6704361,4/28/2012,30
5640940,11/6/2012,17
4215702,12/8/2011,31
4812687,4/18/2000,13
3943765,8/31/2017,1
2446168,12/21/2010,2
3819570,12/9/2015,3
3881193,9/8/2001,4
1995280,8/9/2009,5
6045123,1/13/2006,6
4371952,10/25/2012,7
6768482,12/6/2009,8
4608806,1/14/2016,9
3301512,7/6/2001,10
3058523,6/4/2000,11
1678526,6/2/2011,12
5942281,9/7/2019,14
4677280,9/2/2014,15
6397713,9/25/2016,16
2303576,5/7/2005,18
3048373,11/5/2018,19
7305050,6/10/2014,20
6501740,6/22/2005,21
2982181,12/25/2014,22
6386246,10/20/2016,23
1516790,8/16/2000,24
2163435,3/22/2007,25
4894372,2/19/2013,26
3068948,2/8/2005,27
6582795,3/1/2018,28
2101595,7/23/2002,29
3905332,4/16/2005,30
2099756,10/25/2006,17
5769323,8/23/2000,31
2351281,4/4/2006,13
1511190,3/20/2003,1
6741014,5/8/2002,2
5365859,10/2/2000,3
4317918,10/31/2009,4
6983024,4/21/2004,5
6997790,2/9/2011,6
3612146,8/5/2018,7
1532917,2/3/2018,8
5487502,3/24/2001,9
2398707,1/16/2000,10
6208308,4/4/2000,11
4675450,6/22/2011,12
1531248,4/23/2010,14
2098429,3/29/2011,15
4056716,3/30/2001,16
1573484,2/25/2015,18
5834421,9/18/2013,19
3946505,5/1/2011,20
1531182,11/22/2000,21
4545120,6/15/2007,22
6788238,4/25/2004,23
7299277,1/4/2010,24
6773428,3/12/2008,25
2364439,10/7/2010,26
1634354,3/14/2006,27
6310841,10/28/2011,28
4173891,8/12/2000,29
3782457,2/18/2016,30
2277798,12/5/2009,17
1705258,8/25/2006,31
3219860,9/7/2015,13
1406763,6/8/2016,30
7107983,9/2/2018,17
7322966,10/20/2011,31
5023755,2/21/2018,13
2453663,1/17/2011,1
7260737,8/14/2009,2
2122133,10/6/2012,3
6876791,9/16/2006,4
3233574,1/29/2009,5
6278913,1/12/2003,6
3341636,11/30/2004,7
4033621,8/29/2012,8
4976747,11/11/2002,9
1781248,6/26/2010,10
3220490,10/26/2002,11
5652776,5/14/2007,12
2844658,11/11/2011,14
6907264,1/6/2007,15
2116102,9/17/2005,16
2869777,12/18/2019,18
4344173,8/12/2005,19
1210336,11/12/2014,20
1317867,12/19/2018,21
6613619,2/6/2017,22
4055987,2/17/2007,23
1869485,4/25/2001,24
2238326,10/4/2019,25
5949297,6/30/2002,26
1550955,2/19/2016,27
3634237,8/11/2017,28
7059262,5/7/2011,29
1732487,3/1/2004,30
3021006,11/1/2005,17
2388960,10/10/2003,31
5052152,12/29/2008,13
1949830,12/15/2007,1
4611661,6/10/2001,2
3992432,5/27/2008,3
4304070,11/20/2018,4
2308509,6/15/2007,5
4244984,12/24/2002,6
1606179,11/17/2009,7
3823807,8/18/2018,8
4188645,9/12/2003,9
5992300,9/18/2004,10
2839407,6/9/2013,11
3640825,10/26/2017,12
1727573,4/2/2001,14
5155967,5/28/2016,15
3357626,9/18/2012,16
5798754,1/12/2018,18
6041299,12/15/2009,19
3631405,3/2/2004,20
2940115,12/23/2002,21
2047978,7/28/2008,22
4652928,9/5/2000,23
3279357,9/7/2011,24
7091522,3/18/2010,25
3967475,12/3/2018,26
2823551,3/11/2018,27
6011122,9/12/2002,28
6582349,9/16/2016,29
4398138,2/24/2012,30
3982943,5/5/2014,17
6715387,5/19/2017,31
4117533,2/2/2003,13
1282368,6/4/2007,1
1213381,11/25/2018,2
3351731,4/22/2019,3
2754902,10/16/2019,4
3648251,5/3/2018,5
4307731,12/22/2000,6
3380284,4/21/2010,7
6353751,6/7/2001,8
1728113,7/1/2008,9
3316974,8/11/2019,10
6554008,6/26/2004,11
3832481,4/30/2007,12
4760143,11/17/2010,14
6017416,3/21/2018,15
6311142,9/10/2009,16
1794189,12/26/2001,18
6098256,11/2/2010,19
3589784,7/15/2011,20
5491967,9/13/2001,21
3582590,2/12/2006,22
1171484,6/23/2009,23
2680115,5/22/2005,24
5885102,1/24/2009,25
2965252,8/28/2000,26
7239906,1/18/2004,27
1886415,9/17/2008,28
2547240,11/30/2001,29
4375558,5/1/2018,30
3807129,5/21/2018,17
6556108,1/6/2011,31
5118679,7/10/2015,13
5576076,10/28/2006,1
1574604,12/7/2006,2
4348370,3/12/2014,3
1240460,10/27/2001,4
7337778,9/2/2019,5
3712495,9/30/2003,6
5047118,12/11/2014,7
1806138,5/23/2018,8
6466898,8/14/2010,9
2807590,6/10/2006,10
3095416,4/10/2005,11
7098067,4/18/2019,12
7154590,2/27/2007,14
6158906,1/4/2018,15
3799340,10/11/2002,16
4618643,11/30/2015,18
5372724,4/27/2016,19
4595252,8/15/2002,20
2837022,4/23/2004,21
5946900,9/17/2016,22
2263292,9/19/2014,23
4556416,6/14/2012,24
1698973,2/13/2008,25
3309763,6/14/2006,26
6142407,1/15/2015,27
5661086,7/15/2006,28
1245502,2/9/2012,29
4043069,3/29/2016,30
3065701,9/28/2016,17
7225383,3/27/2008,31
6574015,12/23/2011,13
7165770,11/24/2010,1
3430583,12/10/2006,2
3011797,9/18/2009,3
3983340,7/4/2014,4
3327943,2/17/2007,5
6601333,11/13/2004,6
4606617,10/10/2006,7
2092722,6/11/2000,8
6124496,2/9/2015,9
6487845,1/21/2019,10
2159284,7/8/2018,11
2703919,11/15/2012,12
5869488,10/20/2004,14
3590871,4/20/2016,15
4138207,7/21/2008,16
3426607,12/12/2009,18
6220593,9/15/2014,19
5465016,1/14/2009,20
1778842,8/18/2011,21
1928298,4/10/2001,22
3048118,5/22/2005,23
1503686,1/21/2016,24
1988222,10/11/2013,25
5246608,11/28/2011,26
2485512,1/9/2010,27
5847889,12/22/2014,28
1341192,2/5/2010,29
2860378,12/5/2010,30
5674322,6/5/2000,17
5364611,1/25/2002,31
6689846,10/31/2007,13
4470329,4/22/2019,1
5534307,5/12/2003,2
2418107,9/10/2014,3
6461171,4/28/2013,4
1164924,10/27/2013,5
6964082,10/4/2007,6
3167152,12/5/2005,7
4665839,12/6/2010,8
4347140,10/13/2017,9
2758805,10/30/2018,10
2927703,3/2/2012,11
6325624,12/29/2017,12
6913664,6/5/2016,14
1555689,7/15/2008,15
7207331,5/21/2010,16
1504948,1/22/2017,18
6620289,2/19/2014,19
2671865,11/7/2004,20
3140471,7/19/2000,21
4731688,1/10/2014,22
1163751,4/29/2017,23
5316913,1/15/2007,24
2075130,8/4/2013,25
3101028,2/26/2018,26
4830064,4/6/2015,27
3337526,2/28/2017,28
4169254,11/19/2011,29
3857180,3/25/2010,30
1979839,7/25/2005,17
1548862,6/1/2017,31
7370016,11/25/2012,13
6178297,1/11/2019,30
3316785,4/14/2000,17
1217439,6/29/2003,31
3468331,12/29/2008,13
7055600,4/14/2003,1
5732744,4/26/2001,2
2246174,1/31/2005,3
6387124,8/7/2017,4
4908338,7/10/2000,5
1475996,2/16/2010,6
6412306,3/26/2005,7
5553460,1/23/2000,8
2283002,5/26/2013,9
2369364,2/26/2016,10
6589235,5/28/2012,11
3952241,11/14/2009,12
2087487,2/22/2014,14
5876319,3/20/2006,15
4311588,5/12/2013,16
3070212,1/19/2015,18
1911495,3/27/2008,19
4127340,1/1/2017,20
1117387,12/12/2006,21
5253750,9/18/2002,22
1751585,11/6/2005,23
5158499,4/16/2007,24
4770294,12/25/2005,25
4298585,6/16/2018,26
5867277,8/2/2010,27
2501322,8/5/2000,28
2567235,10/21/2001,29
2114241,3/16/2003,30
4191351,4/19/2019,17
7334338,12/4/2002,31
4616040,2/6/2005,13
2980870,12/9/2006,1
4952327,8/31/2015,2
6037924,6/26/2019,3
5426302,7/25/2004,4
1756854,8/21/2002,5
7192460,6/10/2007,6
3383217,11/9/2007,7
3333407,9/26/2000,8
2436367,12/29/2016,9
2094744,2/4/2010,10
2404993,4/7/2018,11
6011875,12/11/2008,12
1978214,12/12/2005,14
6161857,5/4/2002,15
4284851,4/13/2006,16
3101387,5/3/2016,18
6648685,2/20/2010,19
5035355,11/26/2019,20
2630256,3/1/2001,21
4284556,2/10/2000,22
2399548,10/15/2010,23
2029617,12/17/2003,24
5056034,4/22/2001,25
1701521,2/11/2002,26
1564158,10/30/2010,27
5807444,3/12/2001,28
3543924,4/29/2008,29
4517564,8/16/2011,30
3315634,6/7/2008,17
6717027,4/15/2009,31
1190048,3/7/2015,13
2397170,6/26/2004,1
6633503,10/2/2001,2
4210104,7/25/2013,3
2613034,9/19/2018,4
7014064,2/12/2003,5
6548524,8/17/2009,6
5061590,8/15/2005,7
5374467,11/1/2011,8
5760970,6/24/2005,9
2261295,3/20/2018,10
2563108,9/2/2008,11
1386825,3/25/2007,12
6534804,5/6/2000,14
4908714,9/27/2013,15
3883613,11/23/2005,16
1716270,10/9/2015,18
2595311,4/30/2017,19
2202409,4/21/2009,20
7351076,5/17/2009,21
4835273,2/28/2000,22
5259244,5/23/2012,23
1653270,5/27/2013,24
3850505,11/25/2007,25
2898996,8/12/2004,26
3586571,6/16/2014,27
4517199,4/15/2007,28
4911160,11/17/2016,29
3923128,4/16/2013,30
3039943,9/4/2005,17
4454429,8/4/2017,31
3298120,4/8/2007,13
4308662,4/29/2008,1
4746028,10/15/2006,2
2508834,11/2/2015,3
4443017,1/5/2009,4
7020203,6/17/2019,5
1982899,10/11/2014,6
7301396,3/21/2009,7
1382545,6/26/2016,8
4184865,2/12/2006,9
6526153,6/11/2015,10
5570766,5/21/2003,11
3433071,8/21/2014,12
6486739,3/5/2013,14
3697053,11/4/2012,15
4771988,12/31/2011,16
6849244,8/22/2011,18
4584291,5/22/2000,19
3249322,11/10/2007,20
4328842,11/12/2000,21
7188213,12/23/2005,22
5609495,10/4/2015,23
2525567,12/30/2003,24
4734382,12/23/2010,25
3024469,10/4/2010,26
1186708,11/4/2001,27
2699036,9/18/2010,28
4312665,6/25/2017,29
4500856,4/5/2005,30
1628428,11/2/2008,17
3649018,9/13/2013,31
2965446,2/9/2017,13
4138673,5/31/2004,1
3425702,10/25/2001,2
5557402,2/17/2017,3
5725406,3/28/2000,4
5261853,7/19/2008,5
6416220,3/19/2009,6
1956172,5/1/2008,7
6199197,7/27/2008,8
5192302,9/14/2006,9
4536857,7/1/2014,10
7360947,6/12/2000,11
5393037,10/18/2006,12
1352078,4/9/2015,14
2308271,10/21/2003,15
1621956,9/25/2010,16
3854004,6/7/2001,18
5774217,3/10/2008,19
5512801,9/23/2002,20
5467266,3/22/2013,21
4793436,1/31/2015,22
7059616,9/19/2008,23
2296325,7/25/2011,24
3052592,4/21/2009,25
4191939,6/14/2010,26
3459964,10/16/2018,27
6761385,1/21/2002,28
2271862,11/17/2002,29
5708272,10/13/2010,30
6399921,7/24/2019,17
4862701,1/7/2000,31
3944844,4/2/2007,13
1699372,4/27/2018,1
4682893,9/24/2005,2
4983307,8/23/2018,3
1180734,3/9/2009,4
1424237,5/1/2008,5
4876331,1/23/2011,6
3495920,2/13/2015,7
1696154,3/8/2014,8
4699497,5/23/2016,9
2749865,6/13/2001,10
4965418,8/9/2010,11
2654691,8/16/2002,12
3821345,11/10/2001,14
6461950,1/20/2001,15
4974256,6/3/2013,16
5903631,9/15/2007,18
3915791,8/7/2010,19
2448460,6/4/2017,20
5919706,9/19/2012,21
4816624,6/14/2003,22
6698490,7/19/2005,23
6674165,12/28/2014,24
6064703,12/2/2008,25
6092987,7/26/2002,26
2399306,4/18/2017,27
5586170,4/8/2016,28
3990048,6/14/2006,29
3623990,10/8/2017,30
1311167,8/18/2013,17
1249068,9/26/2019,31
1213420,2/21/2019,13
4242440,5/22/2016,30
4705989,4/17/2002,17
5617908,7/19/2019,31
1381205,1/21/2003,13
3228107,7/13/2018,1
2849405,9/15/2010,2
1872835,3/24/2018,3
7152184,2/6/2019,4
3756509,11/21/2002,5
4520668,3/30/2011,6
7072980,8/17/2003,7
2438798,5/20/2001,8
6361254,2/12/2015,9
4496343,10/8/2009,10
4203747,2/21/2019,11
3238299,6/29/2004,12
7329248,3/30/2004,14
5850613,10/7/2001,15
5438322,7/20/2003,16
4981982,2/27/2015,18
3495452,11/29/2005,19
1920344,11/24/2008,20
4115250,9/28/2012,21
2750638,8/28/2002,22
2024990,2/6/2002,23
6219405,5/22/2019,24
3703558,10/1/2008,25
5811475,4/3/2014,26
6412842,4/18/2017,27
2332798,8/15/2008,28
2454071,5/4/2013,29
6468452,10/26/2002,30
3697733,5/20/2016,17
5151191,9/29/2019,31
1913792,9/6/2004,13
3104108,8/27/2013,1
6959598,10/5/2004,2
5917964,10/12/2004,3
4889408,10/29/2007,4
6656410,8/5/2009,5
2148975,7/26/2004,6
7081855,2/7/2006,7
3342413,10/29/2005,8
6912359,10/30/2001,9
2215530,5/6/2018,10
5271578,8/21/2017,11
2921302,6/4/2006,12
2370134,10/7/2015,14
4652616,5/24/2019,15
4408518,6/3/2009,16
6678036,7/3/2014,18
3704949,7/6/2005,19
2910381,2/13/2006,20
5924564,3/3/2009,21
6247649,9/16/2019,22
2564633,1/9/2006,23
1455379,3/9/2005,24
1911434,8/14/2002,25
1965997,6/17/2012,26
5460458,11/15/2019,27
2250709,4/10/2011,28
1518315,3/16/2003,29
2582205,12/30/2018,30
2104244,3/11/2001,17
1535690,3/15/2018,31
6240418,10/13/2013,13
2596420,8/16/2013,1
6467449,8/19/2017,2
4489273,7/24/2003,3
1329366,8/2/2012,4
4470822,9/27/2002,5
3989486,4/21/2012,6
5848962,2/11/2013,7
2621265,3/23/2005,8
3101600,10/10/2002,9
3535683,5/31/2014,10
1334536,7/25/2015,11
1367515,1/3/2005,12
2347150,12/11/2004,14
6758513,7/18/2006,15
4147781,9/16/2016,16
1347565,7/24/2006,18
3668211,9/6/2016,19
6598912,11/6/2004,20
3094931,9/20/2000,21
5010785,1/24/2018,22
4219621,6/14/2012,23
1356426,3/4/2006,24
6729288,7/6/2006,25
4346104,2/1/2006,26
5230612,8/9/2011,27
2701340,11/10/2005,28
2086294,2/7/2016,29
5277255,12/12/2011,30
5742953,1/7/2014,17
5400236,8/6/2009,31
3768503,6/13/2012,13
6779348,5/3/2011,1
5569443,8/26/2008,2
3246407,9/6/2010,3
4204767,5/6/2014,4
4619251,8/7/2013,5
3742530,5/24/2001,6
6445777,9/23/2000,7
3676597,2/5/2002,8
5078285,12/18/2005,9
3765606,5/30/2013,10
6522725,4/9/2011,11
6126190,8/6/2002,12
5788077,10/30/2003,14
2546684,12/2/2003,15
4635506,11/21/2005,16
3193355,3/22/2012,18
4236743,8/9/2006,19
2228922,5/1/2003,20
7063355,1/26/2018,21
3979972,9/4/2001,22
3378675,9/13/2014,23
1701472,6/12/2009,24
2992197,8/19/2005,25
3604057,12/15/2018,26
6789481,10/6/2007,27
5655426,12/31/2017,28
1618662,4/14/2010,29
5299726,4/5/2005,30
5899635,11/4/2006,17
4189070,3/28/2009,31
5831676,5/14/2009,13
4557828,7/16/2016,1
2077492,11/9/2003,2
1748909,8/30/2005,3
2004885,10/20/2017,4
5768219,5/24/2010,5
3672701,3/18/2004,6
5067739,10/23/2010,7
1550463,1/31/2000,8
6433551,7/28/2013,9
1158428,1/14/2009,10
2884084,7/22/2004,11
6377355,6/17/2009,12
4182391,10/7/2016,14
4626560,11/29/2005,15
2027470,9/5/2000,16
1123484,11/7/2002,18
1521673,1/14/2003,19
3158959,12/2/2011,20
4046632,4/18/2012,21
1753344,11/8/2014,22
3299218,4/30/2013,23
6705301,12/5/2016,24
4345824,12/16/2010,25
4906339,11/25/2001,26
1756068,5/9/2016,27
5664379,6/23/2014,28
3778024,9/19/2005,29
5348804,8/29/2002,30
4558193,6/29/2019,17
2270347,10/1/2016,31
2464759,11/7/2000,13
4740728,9/27/2019,1
3352528,12/26/2008,2
4424690,8/21/2009,3
6898801,3/5/2011,4
5588348,7/6/2011,5
3477966,1/10/2004,6
3700343,9/22/2014,7
6357295,7/16/2008,8
5737787,9/27/2002,9
1933348,8/26/2015,10
4761105,5/13/2004,11
1412569,8/11/2009,12
3794878,12/23/2004,14
4703033,3/27/2013,15
6050817,4/11/2007,16
2278706,12/17/2018,18
5506954,1/11/2010,19
3401190,10/16/2002,20
6032695,3/29/2013,21
1628807,7/5/2014,22
2905938,10/9/2005,23
5749597,11/25/2007,24
7362005,10/1/2006,25
3904710,1/8/2005,26
4390575,2/5/2011,27
1404635,5/25/2015,28
6048468,12/13/2017,29
4431923,7/6/2013,30
1423085,6/12/2009,17
4732588,3/4/2013,31
7236769,12/31/2009,13
6298824,1/24/2015,30
4144370,6/25/2011,17
6735468,2/9/2003,31
2557027,1/12/2002,13
7204797,4/26/2009,1
5153527,4/24/2016,2
6085124,10/24/2006,3
5766823,7/5/2010,4
5784843,12/23/2003,5
2961791,8/27/2016,6
2101804,4/24/2004,7
7126778,6/6/2016,8
4359734,12/9/2012,9
3242707,12/10/2001,10
5423174,8/10/2003,11
3128311,3/25/2000,12
3782752,4/5/2007,14
4620513,12/30/2012,15
5643688,6/28/2007,16
5888636,12/25/2012,18
1618496,5/21/2009,19
5785967,1/3/2010,20
2206021,4/4/2000,21
4643710,3/12/2005,22
3276678,12/5/2011,23
2955124,5/28/2000,24
5990300,5/22/2018,25
3580918,8/7/2000,26
4185553,1/3/2010,27
4780037,9/30/2003,28
5501226,9/2/2008,29
5272106,1/15/2005,30
2954537,11/18/2019,17
5524185,3/7/2006,31
5026895,4/7/2005,13
4508617,8/1/2007,1
2146072,3/26/2016,2
6094066,6/16/2001,3
2936479,7/2/2003,4
4574001,10/13/2012,5
1660555,12/10/2000,6
2321304,10/24/2019,7
2435463,9/13/2002,8
4978938,7/17/2014,9
1492300,1/25/2007,10
4702238,9/1/2013,11
6558775,8/4/2008,12
1848120,6/20/2017,14
2204379,6/15/2016,15
1257140,7/17/2008,16
1588040,3/26/2009,18
1333321,12/19/2019,19
2367319,6/21/2003,20
2484079,11/9/2017,21
1401581,1/29/2006,22
4118556,11/25/2016,23
1959778,9/4/2014,24
1916322,5/30/2017,25
1520330,2/6/2000,26
2808748,8/30/2012,27
3507926,9/14/2006,28
6088058,1/31/2004,29
2211494,1/1/2000,30
3427044,4/24/2016,17
4886256,10/8/2005,31
3265466,9/7/2005,13
6462685,7/29/2009,1
1961096,4/4/2006,2
3252464,7/2/2008,3
4831395,10/16/2006,4
2162626,10/16/2014,5
4110017,7/28/2015,6
4058355,8/23/2005,7
5847369,3/14/2004,8
2053794,8/18/2010,9
2539346,9/13/2010,10
6034666,9/1/2015,11
6899858,6/2/2004,12
6196854,7/22/2012,14
2847978,10/1/2016,15
7376986,6/30/2005,16
6265157,1/11/2015,18
2217267,2/27/2011,19
1894953,12/1/2019,20
1592079,11/16/2007,21
5832154,9/18/2017,22
4140093,7/29/2013,23
1712241,5/17/2016,24
4562034,1/8/2004,25
6871735,10/11/2009,26
2660744,9/25/2013,27
4674211,8/8/2016,28
3118121,3/20/2015,29
4036911,7/18/2017,30
5894664,10/17/2006,17
3612889,7/6/2017,31
3243806,3/8/2004,13
7090484,4/24/2017,1
2410742,4/4/2005,2
2537962,8/25/2006,3
7328173,12/9/2011,4
3362797,11/6/2002,5
1176975,5/4/2017,6
3295536,6/25/2000,7
6177746,1/3/2001,8
5556208,5/28/2010,9
5528308,9/29/2006,10
5020865,10/18/2019,11
2034172,5/15/2001,12
4768143,11/8/2016,14
3570327,1/6/2017,15
5364348,6/11/2003,16
6006438,9/15/2010,18
1273092,11/6/2012,19
5443155,10/30/2019,20
2268863,9/27/2011,21
2631396,6/23/2018,22
6682691,10/30/2017,23
2725890,9/30/2011,24
4512047,4/19/2010,25
7297984,4/11/2015,26
3687415,2/14/2001,27
4241228,10/5/2018,28
5613292,11/13/2004,29
2670326,3/23/2013,30
2108299,12/23/2011,17
3053293,10/1/2012,31
4835661,2/4/2016,13
6057542,6/10/2009,1
4225044,5/30/2003,2
1174987,3/1/2005,3
3920863,10/31/2008,4
3332769,10/26/2007,5
2708318,9/15/2008,6
6245032,11/10/2005,7
5910767,3/1/2008,8
6550384,7/5/2010,9
2010949,4/15/2005,10
4713558,2/23/2013,11
6129814,8/5/2011,12
3157972,8/22/2018,14
7062087,11/25/2002,15
2876751,8/31/2007,16
4350229,5/29/2004,18
1727921,2/26/2001,19
6293430,7/13/2006,20
5571075,1/26/2004,21
3114069,4/16/2010,22
2643335,12/14/2004,23
3380915,3/12/2009,24
6468211,7/23/2014,25
4300954,11/1/2009,26
1833117,10/11/2006,27
6801449,8/13/2013,28
6939043,7/6/2017,29
2702576,1/12/2006,30
5142607,10/11/2013,17
1406295,4/22/2010,31
4327206,1/14/2008,13
4196018,11/12/2012,1
6701780,12/5/2016,2
3026972,1/25/2008,3
5086471,2/16/2009,4
3752401,8/27/2013,5
3951392,10/18/2018,6
6056608,6/30/2016,7
7002106,5/3/2019,8
5863330,4/14/2011,9
5690896,12/30/2010,10
6998194,2/5/2002,11
3162718,3/2/2013,12
1181721,4/14/2001,14
3090621,2/10/2018,15
4539681,9/11/2006,16
5715127,6/30/2016,18
2527223,12/5/2004,19
6833546,10/4/2013,20
7152637,1/30/2011,21
1453774,10/31/2006,22
6437069,12/30/2010,23
2249566,1/27/2003,24
6066725,11/11/2009,25
4845161,1/21/2004,26
7313221,11/30/2002,27
1433896,3/30/2000,28
5707353,6/10/2002,29
5318762,3/25/2002,30
3862539,3/18/2003,17
7292725,8/22/2016,31
5714365,6/14/2010,13
1785549,4/11/2000,30
4389159,3/10/2001,17
6695723,4/25/2003,31
6306290,6/13/2018,13
1548662,2/18/2007,1
6204866,11/30/2001,2
4272689,6/2/2008,3
4299060,7/26/2015,4
6758597,4/9/2004,5
3226069,4/16/2008,6
3340271,9/30/2009,7
6985193,2/14/2014,8
3910462,2/22/2019,9
3424921,6/4/2004,10
1538267,8/7/2010,11
3331329,1/26/2015,12
6686274,6/13/2011,14
6194337,4/17/2013,15
3283550,11/5/2019,16
1463613,6/3/2003,18
4362184,7/17/2013,19
5333293,12/25/2007,20
6911763,6/23/2017,21
7324361,2/19/2013,22
5918814,7/10/2002,23
5800478,1/22/2001,24
1407411,9/15/2001,25
5961883,9/22/2003,26
6951534,5/11/2012,27
2834523,5/8/2017,28
5261469,9/9/2017,29
5344097,4/14/2015,30
5687495,4/29/2010,17
6500330,2/15/2010,31
3969897,10/6/2015,13
7027464,6/20/2000,1
6963972,11/11/2017,2
4940640,2/2/2008,3
7189593,8/19/2005,4
1931953,4/9/2008,5
5880266,5/29/2003,6
4322720,3/5/2001,7
6035941,6/23/2019,8
4784601,12/19/2004,9
2785178,3/12/2015,10
2847748,12/24/2009,11
1916759,8/31/2007,12
6770061,11/18/2000,14
6520410,1/17/2000,15
6552595,11/21/2004,16
7031756,5/15/2008,18
7093623,1/26/2009,19
5598550,1/25/2015,20
6575741,6/24/2002,21
7266987,6/2/2012,22
6930730,7/9/2017,23
3675795,2/11/2013,24
5471660,7/12/2015,25
2872331,1/26/2006,26
4510926,1/26/2014,27
3595732,9/9/2005,28
3941281,12/22/2002,29
5791770,9/16/2017,30
3691505,8/17/2019,17
6147017,11/14/2010,31
6020735,4/25/2013,13
6676673,11/8/2005,1
3885193,1/6/2013,2
4867262,7/23/2000,3
4018672,5/18/2003,4
2402430,2/4/2019,5
2762489,5/15/2003,6
7360034,1/20/2011,7
2582762,6/24/2018,8
2270788,7/20/2000,9
1428972,2/8/2019,10
7081422,5/24/2001,11
2373731,1/22/2013,12
2349091,9/1/2008,14
1864749,12/5/2004,15
6160753,11/1/2005,16
6886721,7/18/2000,18
6025341,8/28/2014,19
4701598,11/23/2017,20
4292007,10/23/2019,21
6378566,2/28/2005,22
7231279,6/6/2008,23
1683323,10/6/2007,24
2901363,8/30/2009,25
4184333,3/10/2015,26
3107369,4/6/2001,27
1954255,6/24/2007,28
2728357,1/3/2001,29
1633253,7/23/2001,30
5590836,6/25/2000,17
2871283,7/3/2010,31
5713953,12/6/2000,13
6037920,11/17/2002,1
3136118,5/6/2002,2
1692789,9/8/2004,3
6358722,5/29/2015,4
6826949,4/17/2003,5
2477901,11/14/2010,6
1657329,11/29/2009,7
6830778,12/18/2008,8
1753655,6/26/2006,9
4921251,5/22/2011,10
5338402,8/28/2002,11
1623005,5/9/2002,12
3812525,12/6/2007,14
2669967,6/1/2016,15
5299131,7/26/2004,16
1142848,11/30/2007,18
7180892,12/10/2010,19
2861939,10/24/2015,20
1177153,7/11/2000,21
7376738,2/26/2001,22
6112081,8/9/2005,23
6482210,3/11/2014,24
6971588,9/26/2010,25
1716627,9/5/2006,26
3351988,8/13/2003,27
7289838,3/22/2009,28
3225124,5/31/2003,29
1691756,6/12/2002,30
4100150,2/6/2015,17
1915887,10/3/2010,31
4457536,5/14/2004,13
3383907,10/24/2002,1
2721776,2/11/2002,2
5293031,5/2/2011,3
3135177,5/28/2012,4
2672990,11/27/2002,5
4614282,6/24/2007,6
6946141,4/13/2012,7
2188982,3/19/2013,8
1826241,11/6/2016,9
2961705,5/16/2012,10
5327025,1/5/2019,11
2248192,8/26/2011,12
2129503,10/16/2009,14
3681551,2/7/2007,15
5352060,2/6/2007,16
5610579,9/21/2018,18
2070323,8/1/2018,19
6411797,3/9/2013,20
4644638,12/8/2010,21
3274471,5/20/2015,22
6973209,10/24/2011,23
3091397,11/6/2007,24
5989927,3/9/2014,25
3256166,1/22/2012,26
1452967,3/12/2013,27
1615958,2/1/2016,28
2319628,9/13/2006,29
6437349,10/18/2006,30
1263588,11/8/2012,17
6300542,5/14/2002,31
2836041,11/19/2018,13
6723532,10/23/2006,1
4089486,10/9/2008,2
1734643,12/10/2012,3
2479298,11/15/2016,4
1438218,7/31/2017,5
4437714,1/17/2012,6
1409364,10/16/2001,7
3665004,5/28/2003,8
3496466,3/28/2019,9
5990615,1/27/2014,10
3548320,6/27/2001,11
3962729,3/29/2004,12
3105756,8/23/2001,14
4932716,3/17/2002,15
5922915,8/3/2006,16
6322733,1/8/2015,18
6479507,7/13/2011,19
1289862,6/11/2013,20
1982827,3/2/2002,21
1323255,4/24/2017,22
6948000,12/17/2016,23
7192828,10/19/2011,24
6706549,8/15/2009,25
4259315,7/29/2001,26
1640973,2/10/2001,27
3222729,4/25/2002,28
2805989,8/23/2017,29
1613911,10/4/2007,30
5834860,1/12/2002,17
7361958,12/26/2018,31
4347837,5/15/2000,13
5931940,4/19/2005,30
7204390,12/3/2003,17
3828848,12/12/2007,31
3816325,4/26/2017,13
1978830,4/24/2002,1
6032876,8/18/2002,2
3272208,1/22/2016,3
2859034,5/23/2015,4
2619484,5/12/2012,5
1491482,8/15/2006,6
5584011,9/30/2019,7
5896090,11/13/2002,8
6245620,10/20/2018,9
2354943,2/29/2000,10
4193343,3/3/2006,11
4569994,8/7/2000,12
4053800,3/15/2017,14
1570448,4/23/2011,15
6933490,11/11/2016,16
2037976,11/30/2010,18
3002323,7/10/2019,19
5602553,11/5/2006,20
3513653,1/26/2004,21
6698819,10/20/2019,22
2145145,7/18/2015,23
6214371,8/31/2018,24
2781167,3/6/2003,25
4233244,5/12/2005,26
2417445,5/31/2000,27
3577653,1/23/2012,28
3179422,11/29/2003,29
3191867,5/8/2019,30
5929442,7/5/2012,17
1549154,8/16/2003,31
6874724,8/16/2008,13
5214409,11/29/2004,1
3558480,3/13/2004,2
3971066,11/27/2006,3
5050800,11/22/2005,4
6772820,11/21/2018,5
5635327,2/17/2006,6
3660078,8/13/2000,7
6939164,8/23/2002,8
2303238,8/7/2014,9
1437834,8/23/2001,10
4981393,2/8/2016,11
5381339,4/27/2019,12
4058329,12/7/2018,14
2588704,7/24/2005,15
1202735,7/14/2010,16
5407784,2/19/2018,18
2940684,12/8/2008,19
1327986,11/4/2006,20
7033371,7/14/2015,21
5767252,5/23/2000,22
6674878,10/12/2010,23
3421210,6/12/2011,24
1716681,6/28/2015,25
1855891,9/17/2005,26
4217666,10/1/2006,27
6284721,3/26/2010,28
3573100,11/13/2013,29
5057351,6/11/2014,30
4895081,11/16/2013,17
5719032,1/27/2014,31
6168208,2/19/2001,13
1807430,7/13/2013,1
2825342,11/22/2004,2
1189582,1/7/2005,3
5942657,2/7/2012,4
5460377,8/20/2001,5
1604333,2/27/2010,6
1734546,4/4/2001,7
3012192,8/6/2018,8
7066266,1/8/2009,9
1863924,4/18/2014,10
3336106,5/28/2002,11
3894500,6/28/2000,12
6777399,1/2/2018,14
2050261,11/30/2014,15
7133246,3/25/2001,16
5444018,10/27/2014,18
4354201,4/15/2007,19
6317247,3/16/2017,20
1266062,7/2/2011,21
6220126,5/5/2013,22
3463905,7/3/2010,23
3982642,4/29/2000,24
2557474,6/26/2016,25
4228012,5/18/2013,26
4545377,9/17/2016,27
3879768,7/30/2014,28
3911168,10/9/2012,29
2570747,4/21/2015,30
6053931,12/26/2003,17
5085733,9/23/2019,31
3304984,4/5/2018,13
6224151,7/17/2005,1
6083605,5/11/2003,2
6102211,8/3/2019,3
4858423,7/15/2005,4
3327590,2/29/2016,5
1546578,7/25/2003,6
6255329,4/28/2001,7
4858116,6/25/2018,8
1504612,2/28/2009,9
5490547,2/8/2006,10
4730256,6/17/2006,11
1433063,8/28/2000,12
5948403,8/24/2001,14
3731617,9/13/2015,15
5624135,7/2/2011,16
2358837,4/3/2010,18
6917171,11/3/2003,19
5999014,2/21/2017,20
5800607,9/19/2017,21
6539540,5/14/2007,22
6888342,3/11/2009,23
2011500,6/11/2000,24
5279703,7/21/2018,25
6762144,9/1/2019,26
2478202,7/10/2008,27
5662865,4/29/2018,28
4350859,3/9/2008,29
3397677,5/16/2016,30
4777486,9/23/2017,17
2722262,9/11/2013,31
4268614,4/2/2018,13
6608242,1/12/2018,1
6373242,10/28/2010,2
1142497,11/17/2017,3
1977105,1/23/2008,4
4719489,2/7/2019,5
7263946,11/8/2015,6
4591743,10/1/2012,7
3985028,6/30/2016,8
4417463,2/23/2013,9
1607489,4/6/2016,10
2972708,7/10/2006,11
1926459,12/4/2009,12
6814817,9/30/2004,14
3210508,3/2/2011,15
2126409,8/28/2019,16
4093873,3/24/2002,18
2795705,11/17/2006,19
6160385,3/23/2018,20
4395839,4/17/2012,21
1394808,10/9/2000,22
1351696,5/18/2011,23
4688902,9/27/2010,24
6722450,3/19/2015,25
1374948,2/4/2011,26
7081654,8/20/2003,27
4157780,7/8/2006,28
3169204,3/4/2004,29
4917544,3/6/2013,30
5654555,6/3/2007,17
5760066,10/25/2015,31
5228079,10/20/2019,13
1398693,12/3/2015,1
1251089,8/16/2002,2
5412548,6/22/2003,3
4797773,8/12/2001,4
2758833,1/5/2017,5
1793724,2/25/2015,6
5495411,12/6/2017,7
2123126,7/17/2002,8
1948942,12/28/2002,9
6367520,4/4/2004,10
5052492,8/5/2012,11
6831837,5/13/2000,12
5112049,7/6/2005,14
4108106,9/17/2010,15
6295600,6/6/2001,16
4344290,11/10/2005,18
6634138,12/12/2013,19
3972539,6/21/2019,20
3328214,9/19/2008,21
2687427,9/4/2013,22
1274675,8/11/2013,23
4972028,1/28/2013,24
3929267,1/15/2008,25
6293650,5/9/2002,26
1123927,11/12/2015,27
1946336,10/7/2006,28
5984235,6/11/2015,29
5111840,6/1/2007,30
5436440,3/14/2016,17
6812194,10/23/2008,31
2900403,8/6/2007,13
3320199,11/28/2006,30
1938477,11/8/2012,17
5393977,9/19/2011,31
5461622,6/23/2009,13
3472217,1/28/2000,1
3201868,4/13/2011,2
6835324,10/30/2007,3
2040966,11/4/2004,4
1436374,8/11/2000,5
1592574,6/5/2007,6
4888315,12/6/2011,7
2189381,1/14/2008,8
1526853,1/7/2010,9
3756589,4/10/2000,10
3888237,10/15/2014,11
4618479,3/12/2005,12
3645184,2/6/2015,14
5291940,6/18/2004,15
1931021,9/29/2014,16
6725243,10/18/2002,18
1159454,4/25/2000,19
1370324,2/4/2017,20
1781908,3/25/2017,21
5863781,6/3/2016,22
3811391,10/17/2006,23
3126089,1/29/2017,24
5010812,4/26/2002,25
6440680,4/5/2015,26
4874205,3/21/2011,27
3413856,9/23/2000,28
6762833,12/29/2005,29
5109957,5/14/2000,30
6708644,6/20/2012,17
6162208,3/11/2018,31
6253991,10/17/2015,13
7211010,5/19/2009,1
5694034,6/30/2001,2
6048550,1/10/2013,3
5793076,2/19/2014,4
5160033,1/6/2016,5
2092653,6/18/2001,6
1222302,3/25/2014,7
4441591,7/3/2009,8
1476898,1/23/2010,9
2075449,12/2/2007,10
3535748,2/23/2015,11
3019847,10/7/2009,12
4519159,9/6/2000,14
1386475,5/4/2015,15
4129966,4/16/2016,16
1184975,7/28/2006,18
2962843,3/3/2015,19
3783492,10/20/2000,20
3615980,6/3/2007,21
3035849,1/13/2008,22
2357502,11/18/2014,23
1819278,10/26/2010,24
4886772,3/30/2018,25
7121548,3/5/2012,26
5001950,3/8/2016,27
6644576,4/11/2003,28
1699280,1/7/2014,29
2692295,9/26/2000,30
1749228,5/20/2010,17
7045580,2/18/2015,31
2423384,1/6/2016,13
5969548,10/11/2013,1
3589336,11/16/2017,2
6414515,4/3/2017,3
6684566,7/18/2002,4
5388332,6/14/2018,5
6518320,3/7/2013,6
3220241,12/2/2018,7
5408126,11/15/2007,8
4745678,12/13/2010,9
5992796,5/7/2005,10
7259343,12/13/2018,11
1248651,10/2/2019,12
2289755,6/12/2008,14
1759502,11/12/2006,15
4139756,8/9/2012,16
6218108,8/30/2008,18
6455351,1/12/2017,19
5924114,9/12/2003,20
3462024,12/3/2001,21
1671573,6/12/2001,22
2082559,3/5/2011,23
7351062,6/2/2015,24
5595421,12/22/2006,25
2804923,3/3/2000,26
7146661,10/31/2001,27
4579929,10/5/2013,28
2987599,6/4/2009,29
5372679,5/20/2019,30
6888870,10/27/2005,17
6749345,2/13/2000,31
2393625,8/5/2008,13
3613450,8/1/2013,1
6915316,6/5/2009,2
2554655,6/11/2010,3
4963731,4/2/2014,4
5832746,5/31/2014,5
6856530,8/16/2015,6
7343359,10/29/2006,7
4824686,9/25/2018,8
7261416,12/10/2004,9
3058727,9/24/2000,10
2489233,5/10/2011,11
5444597,2/25/2010,12
1642917,9/6/2010,14
2381158,10/29/2000,15
6114801,7/23/2006,16
5194097,9/1/2013,18
1996455,4/4/2018,19
5694230,6/2/2018,20
2089329,12/18/2004,21
4541176,12/9/2000,22
4271838,12/9/2010,23
1838849,5/13/2004,24
3556474,1/16/2013,25
2691622,1/11/2014,26
3669890,11/3/2001,27
5967663,1/28/2003,28
3006134,3/6/2000,29
3242409,8/29/2005,30
6796000,8/5/2003,17
6241154,11/15/2004,31
2227342,5/14/2000,13
5148735,6/5/2018,1
2373502,8/8/2015,2
6490172,9/19/2008,3
2610037,8/9/2013,4
1173190,4/19/2006,5
4298187,8/28/2018,6
6316949,4/10/2006,7
1371258,7/25/2006,8
5599657,3/5/2003,9
3602017,10/18/2000,10
2033150,6/22/2001,11
2083561,6/20/2018,12
5548478,3/22/2016,14
1252813,4/30/2016,15
5573567,7/11/2016,16
7212565,6/29/2001,18
1903089,10/21/2001,19
1594454,7/23/2014,20
4289070,1/16/2005,21
3083750,9/4/2006,22
4895049,8/17/2009,23
5239723,10/30/2013,24
2797887,4/28/2012,25
6489426,2/2/2001,26
1908130,5/13/2018,27
4500350,10/16/2018,28
4539812,11/16/2007,29
1270048,5/9/2005,30
5270103,4/8/2015,17
5144802,3/29/2009,31
3719687,1/4/2007,13
6684479,11/9/2015,1
3586980,8/19/2017,2
1441785,4/11/2009,3
1585272,11/5/2001,4
5242218,8/25/2010,5
1674559,4/26/2004,6
2974348,7/1/2015,7
3319096,12/7/2004,8
2441718,4/5/2004,9
3013798,11/12/2016,10
6907666,2/18/2014,11
4489967,10/2/2004,12
2776195,9/2/2000,14
6904641,12/3/2004,15
6957454,7/4/2006,16
4438686,7/1/2013,18
6420711,1/12/2006,19
6068805,5/25/2006,20
5709067,3/4/2000,21
2092629,1/21/2010,22
2805274,7/19/2008,23
5042491,1/26/2010,24
4054523,7/31/2018,25
4471199,7/11/2004,26
4645278,11/14/2013,27
6581416,5/16/2013,28
4213716,5/18/2019,29
3414490,7/30/2001,30
3245349,7/23/2018,17
1488611,2/24/2006,31
2253672,2/22/2000,13
3546914,2/11/2007,30
2026059,4/17/2017,17
4846904,11/17/2011,31
2139823,1/23/2008,13
3719367,1/5/2008,1
3709117,12/28/2013,2
5007136,5/29/2006,3
2049527,7/16/2006,4
6651310,3/26/2012,5
6666642,8/1/2017,6
7371725,12/24/2010,7
2251687,2/9/2017,8
2947979,1/15/2008,9
